track_id,track_name,artist_name,artist_id,date_released,date_added_to_online_list,danceability,energy,key,loudness,speechiness,acousticness,instrumentalness,liveness,valence,tempo,duration_ms,combined_string
7fYpgu9L54pKe0S63ETR3P,Hares On The Mountain - Fast Version,Shirley Collins,5rilpZJIb2NWJZVGtCdg6u,2025-07-05,2025-07-12,0.538,0.428,0.0,-10.19,0.0341,0.881,0.000587,0.142,0.578,118.727,151776.0,Hares On The Mountain - Fast Version Shirley Collins
6IADOoQy0wfOfPXI7NcU8n,permission,Gigi Wilde,0jLIjsCBCsSyw9MMqn48Qa,2025-07-09,2025-07-12,0.547,0.325,8.0,-13.038,0.0291,0.861,0.000771,0.102,0.373,129.864,227855.0,permission Gigi Wilde
71wcG7nq6PwywJUXxYla7h,Oceanographer,Dummy,51ymXnZGhf6Z4OcNXPviZC,2025-07-08,2025-07-12,0.192,0.384,9.0,-9.975,0.0348,0.839,0.931,0.297,0.249,109.676,357791.0,Oceanographer Dummy
1XwbJNPOcLuSRTQNR9zz4r,Lady Lady,Olivia Dean,00x1fYSGhdqScXBRpSj3DW,2025-07-10,2025-07-12,0.639,0.585,11.0,-8.618,0.113,0.822,0.0525,0.106,0.569,96.1,209000.0,Lady Lady Olivia Dean
05vnDdNGg4HDU6Z5wmKRoz,Barcelona (In The Rearview),Jack and Daisy,2RM9cQ9ybO7bNBZ2NvRJo7,2025-07-11,2025-07-12,0.582,0.233,0.0,-12.367,0.0309,0.815,6.32e-05,0.315,0.358,81.598,200120.0,Barcelona (In The Rearview) Jack and Daisy
2Ow2ETC0RM4L0ylfm6KTS2,Creatures,CARI,1S9GkDkct0BoKbeC25gF35,2025-07-10,2025-07-11,0.398,0.511,1.0,-8.146,0.0361,0.791,3.07e-05,0.204,0.299,130.907,64338.0,Creatures CARI
5V0NHPKnWPID3uSu3qMtOt,God Loves When You're Dancing,Tommy WÁ,17e35Wp915ZK8I2wCBT1Kd,2025-07-09,2025-07-12,0.463,0.417,11.0,-10.472,0.0502,0.749,4.88e-06,0.263,0.303,107.249,313454.0,God Loves When You're Dancing Tommy WÁ
4G117Z0xCdgy4kQl2vlNE0,call it off,Laura Hickli,7l3wYGmc7FPWgK35doat1l,2025-07-11,2025-07-11,0.506,0.534,8.0,-8.479,0.0401,0.746,0.736,0.106,0.265,127.967,232260.0,call it off Laura Hickli
2bHpSUZPumpAcHUlmTG7uO,caes,"Lucrecia Dalt, Camille Mandoki","4LC4vkseYrSEDd6MjZvOO9, 1yeZSt0NrlRsgscElnX09R",2025-07-08,2025-07-12,0.588,0.492,4.0,-9.454,0.077,0.745,2.86e-06,0.108,0.415,127.928,229622.0,"caes Lucrecia Dalt, Camille Mandoki"
3jTSFXo4luemsClKn7OAKF,Jasmine Blossoms,Hand Habits,5poU7FPEYoBlwjzOEWMbX5,2025-07-08,2025-07-12,0.701,0.447,4.0,-8.557,0.0289,0.741,0.101,0.115,0.349,137.843,221440.0,Jasmine Blossoms Hand Habits
2XRieO4EqaCRzUIxvbQfdZ,Sweet Satin Boy,hannah bahng,2oTW5kYNj4eIgp68Z5W4D9,2025-07-11,2025-07-12,0.472,0.531,4.0,-8.514,0.0562,0.724,4.82e-05,0.137,0.223,205.968,185418.0,Sweet Satin Boy hannah bahng
7epyCKvpOaA5yrn7fTXGHV,Ancestros Futuros,Cochemea,5Kv477c3fjT3ifEOm1Kh0A,2025-07-08,2025-07-12,0.536,0.554,4.0,-7.866,0.0422,0.685,0.848,0.116,0.767,159.021,291120.0,Ancestros Futuros Cochemea
2usgsOm71pC6ErL1Ubx9Bi,Shades of Green,Josh Hendrick,5tOFILQ3keP6QxzXyxzUsa,2025-07-08,2025-07-12,0.743,0.268,9.0,-9.459,0.0426,0.657,0.000656,0.116,0.379,105.993,131321.0,Shades of Green Josh Hendrick
4cE1UKQ5RvZlo53dL2qtzr,Desire (Official FIFA Anthem) (feat. Laura Pausini),"Robbie Williams, Laura Pausini","2HcwFjNelS49kFbfvMxQYw, 2e4nwiX8ZCU09LGLOpeqTH",2025-07-11,2025-07-12,0.513,0.463,3.0,-6.911,0.0309,0.548,0.0,0.0934,0.216,126.82,223988.0,"Desire (Official FIFA Anthem) (feat. Laura Pausini) Robbie Williams, Laura Pausini"
3NqI24GBzLsMehxxaE91i3,U.A.N,Devantier Rain,02zs1IiCSPgAHT3iBSTZPq,2025-07-09,2025-07-12,0.664,0.241,5.0,-9.863,0.212,0.522,0.378,0.115,0.499,74.029,129730.0,U.A.N Devantier Rain
2W88vRSJ8BJQbUjyW6ibSj,Die For This,Syd,3jk39CGeaaSO3FPKNx1RUx,2025-07-07,2025-07-12,0.739,0.735,11.0,-4.205,0.0457,0.508,4.11e-06,0.418,0.942,74.975,155200.0,Die For This Syd
0MyLQnZpkAVz73R8nCZyMn,Starlight,"Danny L Harle, PinkPantheress","1PNvaesh1mkKZucGhBuqgD, 78rUTD7y6Cy67W1RVzYs7t",2025-07-08,2025-07-12,0.463,0.789,7.0,-5.427,0.0914,0.507,0.0153,0.25,0.343,169.971,219750.0,"Starlight Danny L Harle, PinkPantheress"
3gsXB6p8SuvjpR8vUXsy3h,Bury Me Not,Poor Creature,3mtqHrUS1BAX0hIvwiU0X0,2025-07-11,2025-07-12,0.216,0.323,4.0,-12.563,0.0292,0.488,0.858,0.12,0.0936,137.431,327000.0,Bury Me Not Poor Creature
6u5Xa32hIeKiBaWaITVoQE,Saoirse,Maruja,71ISXR7gtIq5E2AdI3jGf0,2025-07-10,2025-07-12,0.236,0.54,10.0,-7.537,0.0391,0.471,0.327,0.108,0.251,137.695,313827.0,Saoirse Maruja
2ok6CfE9VyKkSFpTjvWl2M,Heat Wave Love Song,Tenderness,2zFD5dxJG4z9l2HGeSDxAZ,2025-07-09,2025-07-11,0.587,0.476,9.0,-6.925,0.0258,0.469,0.0013,0.0655,0.241,113.972,250360.0,Heat Wave Love Song Tenderness
6Ql76QUTIXajTh9cVjrAZl,Vodka Cranberry,Conan Gray,4Uc8Dsxct0oMqx0P6i60ea,2025-07-11,2025-07-12,0.401,0.66,5.0,-5.22,0.0324,0.467,1.75e-06,0.0825,0.434,185.947,245664.0,Vodka Cranberry Conan Gray
0JSOw4gBnM8KIdj2BoYyks,GR4VEY4RD SHIFT (feat. Headie One),"Aitch, Headie One","2PJEagPIxaBugeMjIyKVXF, 6UCQYrcJ6wab6gnQ89OJFh",2025-07-11,2025-07-12,0.86,0.501,4.0,-9.139,0.216,0.461,2.68e-06,0.134,0.36,129.996,216190.0,"GR4VEY4RD SHIFT (feat. Headie One) Aitch, Headie One"
4iCHY1fIDHb1tJmJXr6iCE,Slightly Below the Middle,Georgia Maq,5NeumLAB759fhEZ61o2Bed,2025-07-10,2025-07-12,0.506,0.663,10.0,-8.342,0.0406,0.453,0.026,0.231,0.263,158.101,192357.0,Slightly Below the Middle Georgia Maq
0QvlZGBc2TEIuLCnLi53bb,ON THE BACK OF FORGIVENESS,"Tony Njoku, Space Afrika","1vkVP0FhEbUzaU1ztl7YmK, 6cU1HCzqStKzT3NUuaaCO5",2025-07-11,2025-07-12,0.466,0.372,0.0,-12.33,0.0305,0.424,0.0215,0.0804,0.165,107.181,200000.0,"ON THE BACK OF FORGIVENESS Tony Njoku, Space Afrika"
43o5F43Pln0PQLcQoccXyW,Flux,CARI,1S9GkDkct0BoKbeC25gF35,2025-07-10,2025-07-12,0.446,0.703,5.0,-4.589,0.0332,0.406,0.00752,0.0932,0.414,100.85,229007.0,Flux CARI
5Spi3ItLXLpNecjYEvhgSa,Butterflies,Ivana June,0uKpC8kiMcqAxihriuu7cP,2025-07-11,2025-07-12,0.738,0.504,6.0,-12.376,0.0692,0.404,0.00257,0.322,0.674,154.035,221076.0,Butterflies Ivana June
4uBRsUxlV1vAAt8EPitCnO,Quantify,"NODEGA, BODEGA","3ESAlpBEdiyrzggP6P2B5g, 3lnWfdMG9U0oVMC15SEbB5",2025-07-08,2025-07-12,0.363,0.955,7.0,-6.499,0.0813,0.403,0.000262,0.551,0.38,150.041,154729.0,"Quantify NODEGA, BODEGA"
3dEG2MQ0Bdd7lOqyG3GLFI,Diamond Miner,"Crayon, ELIZA, FKJ","1byiL1WtteUjvqT6GhlEfh, 0PgYKqH7ohfAm9LFgWjpl8, 2FwDTncULUnmANIh7qKa5z",2025-07-08,2025-07-12,0.741,0.216,10.0,-12.882,0.0458,0.4,0.505,0.148,0.645,173.954,231224.0,"Diamond Miner Crayon, ELIZA, FKJ"
7zHO50QOb1eTYdZSvLgPwm,The Hudson,"The Favors, FINNEAS, Ashe","78R275jHTtGF0ue4QfBKpI, 37M5pPGs6V1fchFJSgCguX, 6P5NO5hzJbuOqSdyPB7SJM",2025-07-11,2025-07-12,0.514,0.413,3.0,-7.184,0.0279,0.383,2.8e-06,0.287,0.291,73.517,216965.0,"The Hudson The Favors, FINNEAS, Ashe"
6cbsE0heBHllibtbtsZMfU,New Kind of Emotion (Lily's Song),Runaway June,7yPbJOX7olhT3ynAyuj3Zl,2025-07-11,2025-07-12,0.66,0.65,9.0,-5.166,0.0246,0.357,1.05e-06,0.127,0.477,97.032,191360.0,New Kind of Emotion (Lily's Song) Runaway June
1c4d7ewpc1YUwK60L7KRTx,Anything at all (stripped),julip,7093KDv5fe6sYv66nUo7kK,2025-07-09,2025-07-11,0.323,0.212,11.0,-16.491,0.038,0.35,2.44e-06,0.0915,0.103,133.952,215891.0,Anything at all (stripped) julip
6qyGUBuAZWg0gFbjmq2K0U,Just Be Simple,MJ Lenderman,4tK6Z8fK7Sc9133byjPGIT,2025-07-10,2025-07-12,0.643,0.397,8.0,-9.4,0.0287,0.346,0.0,0.11,0.309,120.993,236033.0,Just Be Simple MJ Lenderman
7L9N5bxblTyzTknaxo7duX,A Song To Sing,"Miranda Lambert, Chris Stapleton","66lH4jAE7pqPlOlzUKbwA0, 4YLtscXsxbVgi031ovDDdh",2025-07-11,2025-07-12,0.689,0.616,1.0,-4.59,0.0405,0.343,4.27e-06,0.0682,0.591,97.072,179929.0,"A Song To Sing Miranda Lambert, Chris Stapleton"
7xR4srOJtjV5FJ4erFT9L1,Handbrake,Low Girl,2NieKujN76b0pYPpxo79qE,2025-07-09,2025-07-11,0.618,0.674,11.0,-8.876,0.0272,0.34,0.0349,0.0918,0.355,121.963,216512.0,Handbrake Low Girl
5FAuqoOHFI1jvdJ6Cpo2L8,Lone Wolf,Sex Week,5bcg41eahXhsa30vaMvv0r,2025-07-08,2025-07-12,0.716,0.619,6.0,-8.607,0.0257,0.34,0.871,0.372,0.504,96.999,291959.0,Lone Wolf Sex Week
5hgLQwotAYS52Pq9cR6rqq,Steep,GRACEY,7xBGi7Eign0fX7jGQj5KlJ,2025-07-10,2025-07-12,0.733,0.612,2.0,-7.044,0.108,0.293,4.04e-05,0.066,0.684,82.05,177895.0,Steep GRACEY
0mWmT0CJAGJ76wunSU8KEY,TRASHMAN.,Kesha,6LqNN22kT3074XbTVUrhzX,2025-07-08,2025-07-12,0.8,0.831,5.0,-2.72,0.235,0.289,7.03e-06,0.124,0.904,180.012,158668.0,TRASHMAN. Kesha
1dPfUpXRn8U5Q1fgAnhvbe,Shook,Sugababes,7rZNSLWMjTbwdLNskFbzFf,2025-07-09,2025-07-12,0.76,0.723,7.0,-5.937,0.0674,0.268,0.0,0.258,0.608,128.015,176358.0,Shook Sugababes
6l0bVqiuv0HE7FxUG1TOkA,La La Love Me,VIVIZ,7Lq3yAtwi0Z7zpxEwbQQNZ,2025-07-08,2025-07-12,0.722,0.812,0.0,-3.52,0.095,0.264,0.0,0.0886,0.771,124.018,185027.0,La La Love Me VIVIZ
6ynbkLsqAK1SslGNE2ql1l,Float,"Jay Som, Jim Adkins","1wmiQ6ytATiGnJs6uFluKO, 0Zh8szcqjar4shjPoWJHTc",2025-07-09,2025-07-12,0.519,0.849,8.0,-7.907,0.0378,0.259,0.37,0.0764,0.7,172.714,207568.0,"Float Jay Som, Jim Adkins"
0PdpU8S5YZGxRpu57xSBGb,Let Me Down,Joviale,2U1y15TfmMGMDCV7S2mbQ7,2025-07-09,2025-07-11,0.654,0.824,9.0,-8.35,0.0336,0.23,0.0324,0.0713,0.385,93.972,219750.0,Let Me Down Joviale
49x1GZ66GEXQkdXD8Bc7LR,Next To Me,Kingfishr,6c2qQFq3xfxFJndX6wSe4f,2025-07-11,2025-07-12,0.586,0.641,5.0,-7.224,0.031,0.208,0.000488,0.0948,0.481,152.007,231000.0,Next To Me Kingfishr
294iuY4kyvikaN3j9QnAcD,PROBLEMS,GRAMN.,5MhuaJt0Y6Zy3D58cS4yA3,2025-07-10,2025-07-12,0.665,0.754,7.0,-5.334,0.0417,0.208,0.00168,0.276,0.726,152.059,223026.0,PROBLEMS GRAMN.
0hiQoqVVLjG6PTUTQEpTb5,Cherry Bomb,Circa Waves,6hl5k4gLl1p3sjhHcb57t2,2025-07-08,2025-07-12,0.632,0.837,0.0,-4.797,0.0298,0.204,0.0622,0.146,0.433,115.064,178584.0,Cherry Bomb Circa Waves
66A0zzI7a5GPk9pwPJknNG,Taste,Sophia Stel,18w9tq3c2x11niEFNYqeex,2025-07-09,2025-07-12,0.575,0.536,2.0,-7.049,0.027,0.201,2.95e-06,0.0923,0.174,119.966,257423.0,Taste Sophia Stel
0VcvKN17fqyvbznfwypjDB,Da Du Dah,Kokoroko,3u9rbdcmA6CxjxOAkjaeFr,2025-07-11,2025-07-12,0.732,0.451,0.0,-9.938,0.0784,0.195,0.499,0.0718,0.664,99.915,228385.0,Da Du Dah Kokoroko
3znSvEwBq09We4cxxmwlZM,Chains & Whips,"Clipse, Kendrick Lamar, Pusha T, Malice","2J257euzcjnDLipsyJH3F2, 2YZyLoL8N0Wb9xBt1NhZWg, 0ONHkAv9pCAFxb0zJwDNTy, 4P4gZvRYiVpvtCkmd37jRM",2025-07-11,2025-07-12,0.495,0.759,10.0,-5.155,0.286,0.183,0.0,0.298,0.6,92.76,243907.0,"Chains & Whips Clipse, Kendrick Lamar, Pusha T, Malice"
57GsLpRtEtrzcPGPop20rS,What Did I Miss?,Drake,3TVXtAsR1Inumwj472S9r4,2025-07-05,2025-07-12,0.753,0.802,0.0,-4.066,0.043,0.181,0.0,0.298,0.464,126.252,194324.0,What Did I Miss? Drake
1X9kEJ1M3ZxcGdckUbb47w,Friendly Fire,Skepta,2p1fiYHYiXz9qi0JJyxBzN,2025-07-11,2025-07-12,0.768,0.754,10.0,-7.574,0.312,0.177,0.0,0.0248,0.863,130.023,169846.0,Friendly Fire Skepta
18wmUghxdWxTgFsW4leZnt,I CAN TELL,GIVĒON,4fxd5Ee7UefO4CUXgwJ7IP,2025-07-11,2025-07-12,0.391,0.734,1.0,-6.573,0.199,0.172,0.0,0.124,0.382,149.729,195870.0,I CAN TELL GIVĒON
3kmNmUivuxN6zhOWTpi0Gx,Follow Excitement!,"Rizzle Kicks, Rachel Chinouriri","2ajhZ7EA6Dec0kaWiKCApF, 4wrzxtBZw20ufDstKyTnnP",2025-07-11,2025-07-12,0.799,0.749,10.0,-5.822,0.0763,0.168,1.72e-05,0.235,0.767,105.042,148747.0,"Follow Excitement! Rizzle Kicks, Rachel Chinouriri"
1ssxK9B6clZ8Gku2bYQHTh,The Sofa,Wolf Alice,3btzEQD6sugImIHPMRgkwV,2025-07-11,2025-07-12,0.436,0.642,2.0,-4.509,0.0369,0.167,2.71e-06,0.124,0.258,173.825,266307.0,The Sofa Wolf Alice
5rsXy60BWCYUublUGT6L9a,The Highway Knows,Molly Tuttle,4LX0KCPnH7gvxEbVXqXmAE,2025-07-10,2025-07-12,0.67,0.76,7.0,-8.042,0.0299,0.165,0.00395,0.198,0.714,98.026,250513.0,The Highway Knows Molly Tuttle
56PuaVhEQzQ57PnREmTCuI,All Night All Day,Big Thief,5QdyldG4Fl4TPiOIeMNpBZ,2025-07-09,2025-07-12,0.565,0.772,10.0,-7.945,0.0319,0.16,0.00564,0.263,0.862,108.168,288819.0,All Night All Day Big Thief
24BJoWF10bBVsZe0nCq2nj,Be Like the Water,Indigo De Souza,3ir2pF2mkiEWqyPenKTh5e,2025-07-08,2025-07-12,0.821,0.666,0.0,-7.066,0.0713,0.156,0.0199,0.585,0.66,124.983,208355.0,Be Like the Water Indigo De Souza
0HdfCz81BKxPDL7C1zUY5F,SUN BABY,JayWood,4b9Dr3XFxT65mrPBFY6mqG,2025-07-10,2025-07-12,0.394,0.757,6.0,-6.989,0.0467,0.153,0.347,0.612,0.43,152.922,290009.0,SUN BABY JayWood
12IzrBskU17Z10IrXBa6C7,The Mood,"FLO, KAYTRANADA","0s4kXsjYeH0S1xRyVGN4NO, 6qgnBH6iDM91ipVXv28OMu",2025-07-10,2025-07-12,0.617,0.742,5.0,-5.085,0.15,0.151,7.3e-05,0.137,0.383,105.964,172081.0,"The Mood FLO, KAYTRANADA"
3598iBWrS4JhJqP5tHlpVK,THIS IS FOR,TWICE,7n2Ycct7Beij7Dj7meI4X0,2025-07-11,2025-07-12,0.796,0.742,6.0,-5.113,0.058,0.149,0.0,0.609,0.919,127.962,131098.0,THIS IS FOR TWICE
3DNGZZFDLOOvUc6v5aX24g,Big Star,Jessica Winter,0gCYUYF1zfqZk5pG0e2ojy,2025-07-08,2025-07-12,0.682,0.583,0.0,-5.806,0.027,0.14,3.23e-06,0.049,0.521,92.022,214261.0,Big Star Jessica Winter
4G8vN8TG4Pl2V105VEn34D,Change Your Mind (feat. Shaboozey),"Burna Boy, Shaboozey","3wcj11K77LjEY1PkEazffa, 3y2cIKLjiOlp1Np37WiUdH",2025-07-08,2025-07-12,0.704,0.699,6.0,-4.878,0.0495,0.129,6.73e-05,0.0842,0.749,95.033,148705.0,"Change Your Mind (feat. Shaboozey) Burna Boy, Shaboozey"
1WCiaKkadXRQjK5LapkGtu,Dream Therapy (feat. Sampha),"Oscar Farrell, Sampha","1bbz0UKJHqHXnZEqZi5uMX, 2WoVwexZuODvclzULjPQtm",2025-07-10,2025-07-12,0.674,0.701,11.0,-7.063,0.0496,0.12,0.161,0.331,0.17,126.053,254232.0,"Dream Therapy (feat. Sampha) Oscar Farrell, Sampha"
7r9BUOSnekEjrkMhmxD6Ae,Taxes,Geese,0WCo84qtCKfbyIf1lqQWB4,2025-07-08,2025-07-12,0.338,0.813,6.0,-6.052,0.034,0.115,0.164,0.116,0.564,96.482,197662.0,Taxes Geese
5Uqwo8pHfNJcrAZzkyhQze,Lizzy Lizzy,Sherwyn,4cxJUMXdHetYoijH951DRV,2025-07-09,2025-07-12,0.93,0.735,5.0,-4.828,0.132,0.102,9.19e-06,0.0761,0.967,131.952,136396.0,Lizzy Lizzy Sherwyn
1ww6Ta6idUZH2sYgsZkYeA,Welcome To The End,Maren Morris,6WY7D3jk8zTrHtmkqqo5GI,2025-07-11,2025-07-12,0.506,0.641,9.0,-6.543,0.0318,0.101,0.0,0.122,0.273,77.999,135127.0,Welcome To The End Maren Morris
5pzCNVV0gcW92gF73DmhOa,Sweet Serotonin,Amber Mark,0tbeZu9lv8YEKSQ9tZSslu,2025-07-11,2025-07-12,0.803,0.651,5.0,-5.913,0.0424,0.0995,2.79e-05,0.108,0.827,99.923,181310.0,Sweet Serotonin Amber Mark
7lT55VQx6iDOyjeBUtOgn2,Cracc at 15,Maxo Kream,6xS5PpBWaVYraexEkEjjXv,2025-07-07,2025-07-12,0.889,0.84,6.0,-6.685,0.199,0.0968,0.0,0.0674,0.965,155.972,178453.0,Cracc at 15 Maxo Kream
2Y5QngbL3MJscJPzVhzhGO,Vicious Delicious,Luvcat,2IprcYDAYTYzCl4AJH3AuT,2025-07-09,2025-07-11,0.647,0.513,6.0,-6.858,0.0747,0.0953,0.0,0.185,0.616,110.207,198000.0,Vicious Delicious Luvcat
7dP5I6ZtpV7f6CkIbVJisX,On My Way,Jaz Karis,4rDcfb3TEWyx0BKdzKG24I,2025-07-11,2025-07-12,0.687,0.634,9.0,-10.179,0.0676,0.0844,1.31e-05,0.0714,0.434,117.923,185085.0,On My Way Jaz Karis
1hO9i2zie9Ociw0Goh1Ots,Adored,Been Stellar,3ep1YmatQ8L9UKCGYiJNBh,2025-07-10,2025-07-12,0.47,0.631,4.0,-8.516,0.0355,0.0666,0.000448,0.156,0.0726,130.675,250239.0,Adored Been Stellar
1zRvqTBUJBRAIs8s6mIV5E,Instructions,Mahalia,16rCzZOMQX7P8Kmn5YKexI,2025-07-10,2025-07-12,0.507,0.695,2.0,-5.846,0.0776,0.0653,0.0,0.13,0.433,105.591,136159.0,Instructions Mahalia
7oRK3V3LEA68lEnfZdrm0H,Steve,La Dispute,7lQKE6HaKQcCsgLRMhsh5W,2025-07-08,2025-07-12,0.518,0.958,0.0,-4.24,0.421,0.0569,0.0015,0.0623,0.307,184.831,241773.0,Steve La Dispute
493FTCCY5sMAlb10ICFAtJ,Back To Me (with Jess Glynne),"Rudimental, Jess Glynne","4WN5naL3ofxrVBgFpguzKo, 4ScCswdRlyA23odg9thgIO",2025-07-11,2025-07-12,0.537,0.846,8.0,-5.096,0.0898,0.0434,2.16e-06,0.292,0.581,173.898,159645.0,"Back To Me (with Jess Glynne) Rudimental, Jess Glynne"
3iIppdAcj5wFA1oOK090Yd,Frostbite,Batu,4WmdmK9wvEhtRChA2ko9Sr,2025-07-09,2025-07-12,0.823,0.838,0.0,-6.076,0.153,0.0433,0.887,0.0815,0.263,139.991,279680.0,Frostbite Batu
3AyaFXej7BWZikIM22qEpi,Last Time,Leah Cleaver,4CNUQ0zSlVBILcethc5BVM,2025-07-09,2025-07-11,0.589,0.839,7.0,-3.887,0.204,0.0388,2.79e-06,0.148,0.547,97.326,195615.0,Last Time Leah Cleaver
00zDQDIDsgNGMkl48pCqiH,A Day Off In Margaritaville,Liang Lawrence,3nMWhKVpR0rMn7WFZ0XQoQ,2025-07-11,2025-07-12,0.522,0.868,8.0,-5.731,0.0457,0.0367,0.0,0.365,0.792,98.057,173328.0,A Day Off In Margaritaville Liang Lawrence
5ZuF7Gfj4f1IBta90LWrxI,EXTRA,JEON SOMI,7zYj9S9SdIunYCfSm7vzAR,2025-07-07,2025-07-12,0.86,0.522,6.0,-4.42,0.0476,0.0347,4.36e-06,0.316,0.754,116.01,150733.0,EXTRA JEON SOMI
0QAusxoKjr4SMYRkC3MkcK,Won’t Diss You,Lil Yachty,6icQOAFXDZKsumw3YXyusw,2025-07-11,2025-07-12,0.763,0.553,8.0,-8.398,0.257,0.0324,0.0121,0.102,0.545,140.012,150857.0,Won’t Diss You Lil Yachty
7qfse0LAPI1kMhUHVcG1La,waste away,saturdays at your place,69Kp4bE7aUWEPrmTwmhVZR,2025-07-08,2025-07-12,0.264,0.838,0.0,-4.879,0.0852,0.0305,5.33e-06,0.0782,0.483,164.702,166389.0,waste away saturdays at your place
6NiiHhJPTeSaJR2TfDzpPz,IS IT,Tyla,3SozjO3Lat463tQICI9LcE,2025-07-11,2025-07-12,0.816,0.587,1.0,-4.435,0.0695,0.0278,0.0,0.0923,0.491,108.026,161501.0,IS IT Tyla
6FpGarU82UbiZXyI7Dyh6M,Run Free,Soulwax,43mWhBXSflupNLuNjM5vff,2025-07-09,2025-07-12,0.635,0.884,6.0,-5.577,0.0369,0.0248,0.343,0.178,0.255,108.019,280087.0,Run Free Soulwax
6qwFi7mdeT2bWJda2KidLY,C-C (You Set The Fire In Me) - Dave Glass Animals Remix,"Tom Vek, Glass Animals, Dave Glass Animals","4dGVRIf2xj0JhawVheLiOI, 4yvcSjfu4PC0CYQyLy4wSq, 0FdM0AAFMH0vm7GyLGgYpn",2025-07-10,2025-07-12,0.606,0.963,9.0,-4.293,0.0666,0.0241,0.937,0.123,0.197,139.002,226000.0,"C-C (You Set The Fire In Me) - Dave Glass Animals Remix Tom Vek, Glass Animals, Dave Glass Animals"
38Ej7o4BhPn2j6TAZRAshk,Crush,Grumpy,480FcWBc0dlEZc52noh462,2025-07-10,2025-07-11,0.556,0.666,4.0,-5.692,0.0292,0.0199,1.73e-05,0.102,0.523,92.999,159019.0,Crush Grumpy
27u8qju8fKBCOTgF6DjmuY,Suburbs,Good Neighbours,52N3KGrTWDRhdQJrgBTofE,2025-07-09,2025-07-12,0.29,0.836,5.0,-5.181,0.0701,0.0183,0.0,0.402,0.453,122.948,202249.0,Suburbs Good Neighbours
5uw0Ioi003qolfj25YDWKp,Humdrum,Home Counties,7L0uKOuMgMCLXHW9RnyB8n,2025-07-08,2025-07-12,0.591,0.646,9.0,-5.596,0.0513,0.0174,0.0,0.0928,0.601,174.922,202247.0,Humdrum Home Counties
03HuVUgzwdz4HNn6qiEPmJ,vampire diaries,mgk,6TIYQ3jFPwQSRmorSezPxX,2025-07-11,2025-07-12,0.508,0.866,9.0,-4.817,0.0387,0.0165,0.0,0.0734,0.405,104.908,155347.0,vampire diaries mgk
7xqmp4RY1iOwv54ILC7bz9,s.w.i.m.,SOCKiTTOME,3J4PWkbwavsKoV7FjTwxGb,2025-07-10,2025-07-12,0.625,0.748,11.0,-4.604,0.264,0.015,5.09e-06,0.24,0.898,202.093,134257.0,s.w.i.m. SOCKiTTOME
4nvSde5BQIu8ZCUmzmcJEq,Never Lost,Kokoroko,3u9rbdcmA6CxjxOAkjaeFr,2025-07-11,2025-07-12,0.723,0.378,7.0,-10.53,0.116,0.00927,0.732,0.236,0.559,91.963,263875.0,Never Lost Kokoroko
0JEsYciJ7ESWOckO7cSf4P,Man In The Middle,Arthur Hill,6Fe2C2iHDbs3yoKRvtVtdg,2025-07-10,2025-07-12,0.742,0.539,9.0,-6.572,0.0351,0.00908,9.71e-05,0.198,0.198,106.992,210646.0,Man In The Middle Arthur Hill
6X5sXeRwqbqPsZ8FFFae0F,F.I.C.O.,"Clipse, Stove God Cooks, Pusha T, Malice","2J257euzcjnDLipsyJH3F2, 35fcckhFq2cF2u7hIG0fPv, 0ONHkAv9pCAFxb0zJwDNTy, 4P4gZvRYiVpvtCkmd37jRM",2025-07-11,2025-07-12,0.61,0.83,2.0,-3.065,0.317,0.00896,0.0,0.0518,0.608,79.182,201747.0,"F.I.C.O. Clipse, Stove God Cooks, Pusha T, Malice"
75Xur1uT892l0A6ypOxrhw,Jellyfish,Sigrid,4TrraAsitQKl821DQY42cZ,2025-07-11,2025-07-12,0.472,0.874,5.0,-5.986,0.0847,0.00892,0.00872,0.371,0.793,131.926,186431.0,Jellyfish Sigrid
5UW4tA4j23YL6kDfRw3rWT,mangetout,Wet Leg,2TwOrUcYnAlIiKmVQkkoSZ,2025-07-11,2025-07-12,0.742,0.588,0.0,-5.358,0.0282,0.00876,0.455,0.201,0.477,127.962,204476.0,mangetout Wet Leg
05IHVijoxx7ex0H056X4VM,Where's The Party Tonight? - DAYTIMERS Presents: Alterations,"Mrii, Zenjah, DAYTIMERS, Shaan, Vasundhara Das, Loy Mendonsa, Shankar Mahadevan","0a81BAEkw85FkRxgv8R9BO, 1ajbcdKSZBE70XH2g7FNhc, 2ozabOPMFPRDDU6uVajiyr, 5cB4d4jPYjMT326sjihQ4m, 0myVJmNOHZ7v7g8JVWGw8H, 1KIKn2xA1mgC7uJTcS1hEU, 1SJOL9HJ08YOn92lFcYf8a",2025-07-11,2025-07-12,0.815,0.814,9.0,-5.213,0.0529,0.00876,0.0262,0.0581,0.741,135.028,216569.0,"Where's The Party Tonight? - DAYTIMERS Presents: Alterations Mrii, Zenjah, DAYTIMERS, Shaan, Vasundhara Das, Loy Mendonsa, Shankar Mahadevan"
01ryrVHG1DYeHcNJSmbRKY,The Bank,JayaHadADream,1Zr6I0quVpqoCSTs6TRCpo,2025-07-10,2025-07-11,0.716,0.841,2.0,-7.854,0.356,0.00773,9.11e-06,0.0707,0.645,137.253,143650.0,The Bank JayaHadADream
6wMnZzsRUWQAENpnqTmIJk,Conversation,Kojey Radical,1HMhQzj2QXxR40zGDdaK6y,2025-07-10,2025-07-12,0.653,0.803,0.0,-6.948,0.0874,0.00719,0.000316,0.606,0.69,84.987,151422.0,Conversation Kojey Radical
79oIHHPKpgAWMSxGZU0lQa,DeathByDevotion,ADÉLA,2qanRMyA5bNuTvz1dK45OP,2025-07-11,2025-07-12,0.256,0.727,0.0,-3.985,0.0529,0.0071,0.00561,0.151,0.226,90.087,196646.0,DeathByDevotion ADÉLA
01hvp6Vmy2aQ6CAAibCmEe,HYPERYOUTH,Joey Valence & Brae,1q4618qKswelCGLoanFKQh,2025-07-11,2025-07-12,0.764,0.932,8.0,-2.489,0.14,0.0068,0.0,0.579,0.159,114.992,167772.0,HYPERYOUTH Joey Valence & Brae
29sI2nRMCyKqmmpWZ6WJsi,NamgungFEFERE (feat. Japanese Breakfast),"Silica Gel, Japanese Breakfast","2kxVxKOgoefmgkwoHipHsn, 7MoIc5s9KXolCBH1fy9kkw",2025-07-10,2025-07-12,0.392,0.654,5.0,-6.754,0.0319,0.00652,0.0834,0.111,0.678,105.655,228545.0,"NamgungFEFERE (feat. Japanese Breakfast) Silica Gel, Japanese Breakfast"
0dC9OuZL5Qh70N37wtwGHJ,Sugar (feat. Shygirl),"SG Lewis, Shygirl","0GG2cWaonE4JPrjcCCQ1EG, 3M3wTTCDwicRubwMyHyEDy",2025-07-11,2025-07-12,0.631,0.874,1.0,-5.681,0.0443,0.00605,0.0995,0.136,0.709,130.017,184624.0,"Sugar (feat. Shygirl) SG Lewis, Shygirl"
7qLc5KYxAvBPgjUkqUozVn,liquidize,Wet Leg,2TwOrUcYnAlIiKmVQkkoSZ,2025-07-11,2025-07-12,0.572,0.715,1.0,-6.591,0.0287,0.00566,0.0106,0.251,0.624,125.083,147754.0,liquidize Wet Leg
7GKFnH36tnvuSFs2iJr0Ds,Bet On Me,DEBBY FRIDAY,5lofelrRCFBwzTF616hSx4,2025-07-09,2025-07-12,0.58,0.891,9.0,-3.374,0.0524,0.00465,0.291,0.163,0.496,161.0,149552.0,Bet On Me DEBBY FRIDAY
0zIFbYDOxRElpd7z7hdgX5,Bad Habit,Chloe Star,3ZHw3I3ggo9ILmaxntFkMF,2025-07-11,2025-07-12,0.563,0.555,4.0,-8.499,0.211,0.00453,0.00135,0.0646,0.5,150.256,142598.0,Bad Habit Chloe Star
6uRp0phyIJbLCYcefThba2,Second Life,Lip Critic,4ABuKdLlVyzLztIFR8ETX9,2025-07-09,2025-07-12,0.669,0.93,1.0,-4.029,0.0747,0.00371,0.0,0.179,0.491,95.014,154925.0,Second Life Lip Critic
5r9YhjzQO1y3bOtcVrZh5e,Manners,Ebbb,2LikjKVyI5gqANlB9S7DNW,2025-07-10,2025-07-12,0.453,0.841,8.0,-7.112,0.0396,0.0036,0.00365,0.113,0.345,152.061,206130.0,Manners Ebbb
1yGvGTNdQgEvF0lWOxggV3,In Due Time,"Plunky, Oneness Of Juju","3qSlDgIGwJJh1cZGKxUzAg, 4ALwsFQJ7K7X4CowneIqsc",2025-07-11,2025-07-12,0.704,0.434,9.0,-15.715,0.0391,0.00335,0.789,0.233,0.524,100.006,240653.0,"In Due Time Plunky, Oneness Of Juju"
2hZSwKDJFiTnxnvObgiQuB,No Sign of Weakness,Burna Boy,3wcj11K77LjEY1PkEazffa,2025-07-10,2025-07-12,0.695,0.756,2.0,-4.937,0.0728,0.00259,0.000358,0.179,0.402,94.203,175935.0,No Sign of Weakness Burna Boy
4sGNxNYTXE1pD5eEjsVd6j,Do Yourself A Favour,Coach Party,4trP4C2bZ0TqMUxw0tLRAZ,2025-07-07,2025-07-12,0.428,0.902,9.0,-4.688,0.0593,0.00245,0.852,0.87,0.28,126.092,187547.0,Do Yourself A Favour Coach Party
5H1sKFMzDeMtXwND3V6hRY,JUMP,BLACKPINK,41MozSoPIsD1dJM0CLPjZF,2025-07-11,2025-07-12,0.706,0.927,5.0,-5.762,0.0714,0.00243,3.88e-05,0.101,0.523,144.972,164719.0,JUMP BLACKPINK
6vXv6uFxhMNNMdla9oVmts,In Another Life,G Flip,4SdIXLzfabqU61iK7SnKAU,2025-07-10,2025-07-12,0.546,0.801,4.0,-4.69,0.0514,0.00225,2.16e-05,0.0914,0.158,102.496,208439.0,In Another Life G Flip
3j52F7l1dedJyfPaFUmzQK,909,Legss,6qSC5s99fwbkvyWzRqws4F,2025-07-08,2025-07-11,0.465,0.758,0.0,-7.926,0.0667,0.00222,0.00333,0.067,0.255,83.978,216440.0,909 Legss
5I5PuYkENIVYnMJMTvXsDM,Life Sublime,End It,5YlX74SFjWauq32aKLwAYn,2025-07-09,2025-07-11,0.599,0.99,1.0,-2.811,0.119,0.00202,0.194,0.246,0.398,122.046,133742.0,Life Sublime End It
4SGcQ6xwzsSPhugTOgcp7n,Roobosh,NewDad,1yz8XixOiIJJ9IxjbnfYV6,2025-07-07,2025-07-12,0.577,0.851,6.0,-5.998,0.0301,0.00194,0.00109,0.0906,0.609,128.019,200501.0,Roobosh NewDad
3Z4BxvgOJ8KupcDIV3OV2f,In Your Fantasy,ATEEZ,68KmkJeZGfwe1OUaivBa2L,2025-07-11,2025-07-12,0.87,0.835,5.0,-5.448,0.0606,0.00188,0.0,0.242,0.717,115.079,192698.0,In Your Fantasy ATEEZ
76Pd81B06OSC8AuuDWxsEQ,The Great Unknown,Ice Nine Kills,52qKfVcIV4GS8A8Vay2xtt,2025-07-09,2025-07-12,0.339,0.936,5.0,-2.69,0.3,0.00161,0.0,0.619,0.526,143.054,181957.0,The Great Unknown Ice Nine Kills
7CItpriURLHpPMxlHIEn86,Bodhidharma,Agriculture,23Skjj6LyKEVkNIUFrLBUY,2025-07-09,2025-07-12,0.278,0.504,2.0,-8.274,0.067,0.00137,0.232,0.0914,0.093,134.645,383200.0,Bodhidharma Agriculture
7s4jEMchJ03AxIw7IQKZJT,Legalize Living,The Hives,4DToQR3aKrHQSSRzSz8Nzt,2025-07-07,2025-07-12,0.563,0.914,9.0,-4.671,0.0756,0.00133,0.133,0.0935,0.654,147.876,204632.0,Legalize Living The Hives
6wUFBdtVPbujAYM4exLKaV,Now's The Only Time I Know - Therapy Session,Fever Ray,5hE6NCoobhyEu6TRSbjOJY,2025-07-08,2025-07-12,0.67,0.638,8.0,-9.319,0.031,0.00128,0.799,0.118,0.365,138.007,291957.0,Now's The Only Time I Know - Therapy Session Fever Ray
6lafakcy3leO9de8ayEsep,Alash-Kala - The Bug Reflection,"Galya Bisengalieva, The Bug","5XT7fo7ijBPZAWWzXDEaRh, 213i4NKah1DX9q0FNiKsuw",2025-07-09,2025-07-12,0.464,0.752,7.0,-9.813,0.0395,0.00127,0.903,0.321,0.0519,69.986,295729.0,"Alash-Kala - The Bug Reflection Galya Bisengalieva, The Bug"
2ft3P7O0Rc8s0p1i8pUHGm,Neuromance,Pangaea,08Z0yhWGksNk3wceqlCeGE,2025-07-11,2025-07-12,0.691,0.985,11.0,-4.904,0.0463,0.000963,0.892,0.0925,0.982,155.032,186636.0,Neuromance Pangaea
3NRMx8ZKh6OHPotPxW4O4C,Devotion,Hot Chip,37uLId6Z5ZXCx19vuruvv5,2025-07-08,2025-07-12,0.548,0.728,11.0,-7.549,0.0292,0.000759,0.00101,0.119,0.417,134.022,234348.0,Devotion Hot Chip
0YGX5dJImOOEy8zXYLMMIE,SELF IMMOLATION,grandson,4ZgQDCtRqZlhLswVS6MHN4,2025-07-11,2025-07-12,0.559,0.86,2.0,-5.448,0.0587,0.000695,0.417,0.18,0.515,104.088,138667.0,SELF IMMOLATION grandson
0ouWOf4W8331O6dt2GCW7A,The Shiver,Jayda G,3NKVm2Jedcf6ibJr6pMUVx,2025-07-11,2025-07-12,0.609,0.767,1.0,-7.01,0.0343,0.000647,0.608,0.0558,0.605,128.019,167678.0,The Shiver Jayda G
5vuC4HzdniJMs7BgEoSPnN,Good Grace,Nieve Ella,14zhvja4OxwrmivOB3LHOn,2025-07-10,2025-07-12,0.56,0.914,5.0,-4.49,0.071,0.000398,0.0,0.288,0.64,130.003,173114.0,Good Grace Nieve Ella
3MhoG8bEVVv8vdSOqgrmeg,Facedown,Nihilistic Easyrider,7kKoxT5gbBKVP3Na9BaQnq,2025-07-08,2025-07-11,0.337,0.971,1.0,-4.089,0.0543,0.000287,0.0,0.129,0.377,102.489,66896.0,Facedown Nihilistic Easyrider
5hI9TygfQNjh1AEEQ2Pewe,Another Rolling Stone,Laney Jones,7uRgKJfoqXp05a5OKhpEXS,2025-07-11,2025-07-12,0.369,0.691,4.0,-5.915,0.0374,0.000268,8.2e-05,0.0453,0.653,147.2,214777.0,Another Rolling Stone Laney Jones
4t4152WvzAgnqmVYWgSCTZ,EARTHQUAKE,NOISY,5bt1iZVk3VV1LxRL4wzZ9F,2025-07-10,2025-07-12,0.645,0.859,0.0,-5.114,0.0659,0.000248,0.613,0.33,0.478,130.066,181846.0,EARTHQUAKE NOISY
5WneCWDtmaE9LDKxwqEeMD,Wide Awake,Rocket,6TMJgSdBIPPtQJbAB8yPpO,2025-07-09,2025-07-12,0.344,0.881,11.0,-3.749,0.0852,0.000218,5.35e-06,0.194,0.262,129.993,249849.0,Wide Awake Rocket
2EpCLrHJg5KK8iOHzHqg1U,Something To Say,The Thing,7dQ8sxeaPMgVhWn2R1jd9L,2025-07-09,2025-07-11,0.35,0.93,10.0,-4.791,0.0566,0.00021,0.338,0.389,0.72,135.253,208789.0,Something To Say The Thing
1G0f99jVblkI1pK8uba38S,Quiet Life,shame,4IeWU3NYBI9mISFVhzXG8f,2025-07-08,2025-07-12,0.505,0.913,7.0,-3.682,0.059,0.000191,6.14e-05,0.104,0.377,103.085,196347.0,Quiet Life shame
7m3uuThjZlnsYBVFEvohle,Tuesday Paper Club,Brògeal,5E4chIX5W6JvTVtXXzG8TK,2025-07-08,2025-07-12,0.405,0.941,8.0,-4.885,0.0593,0.000188,4.82e-05,0.147,0.795,149.757,167374.0,Tuesday Paper Club Brògeal
6q2Gzh3yVPq8dtZbudMFJO,Naive,Softcult,13pYXGtaLO9d06VrXX4Aw0,2025-07-09,2025-07-12,0.186,0.811,7.0,-6.151,0.0395,0.000183,0.179,0.115,0.322,171.955,166788.0,Naive Softcult
4ZCXta75da698jXkuHHFFx,Torch,Porcelain,4PUPdR1u1N18esUCWLGYxW,2025-07-09,2025-07-11,0.272,0.61,8.0,-18.676,0.045,5.04e-05,0.155,0.257,0.474,89.269,164227.0,Torch Porcelain
5pdb4UFAWnuiepRAyAUvsd,Children of the Grave,Lamb of God,3JFsVIxOn7STeilPICkkB2,2025-07-06,2025-07-12,0.281,0.947,2.0,-4.587,0.0558,4.83e-05,0.741,0.075,0.416,112.427,287780.0,Children of the Grave Lamb of God
5TM64poPKEC9oqUoxojedI,The Beat,Angel Du$t,2ynylCO9SRPTKjgNEH0Y2a,2025-07-07,2025-07-12,0.464,0.983,0.0,-2.97,0.09,3.45e-05,0.0185,0.0452,0.137,164.064,103067.0,The Beat Angel Du$t
2QvJ5GzPTZg2PEiPdPMdMp,Saltspreader,ashnymph,1zVKP29Wt1d7hF2yRpZV5o,2025-07-08,2025-07-11,0.465,0.484,2.0,-16.256,0.0324,1.22e-05,0.885,0.456,0.0371,125.133,228000.0,Saltspreader ashnymph
3JBckWUvq6YxjiubQKpYLj,Know Not,Restraining Order,4HXv1CWVOyIO8ZNvGOSyEy,2025-07-09,2025-07-12,0.3,0.976,2.0,-3.846,0.091,5.65e-06,0.509,0.187,0.519,200.983,118987.0,Know Not Restraining Order
6vBRAhaSk91csuuWtttPf8,my mind is a mountain,Deftones,6Ghvu1VvMGScGpOUJBAHNH,2025-07-10,2025-07-12,0.34,0.885,5.0,-2.062,0.0447,2.16e-06,0.129,0.131,0.344,109.64,170942.0,my mind is a mountain Deftones
263Nr1Hd1soxwsCLZpslTS,BUTTERFLIES,Justin Bieber,1uNFoZAHBGtllmzznpCI3s,2025-07-11,2025-07-12,,,,,,,,,,,,BUTTERFLIES Justin Bieber
5BZsQlgw21vDOAjoqkNgKb,DAISIES,Justin Bieber,1uNFoZAHBGtllmzznpCI3s,2025-07-11,2025-07-12,,,,,,,,,,,,DAISIES Justin Bieber
0u3ZEQCg4wXaUcIgXNZmHe,madi,Ganavya,1NXSMPrdftOB0I4LeSkwjz,2025-07-18,2025-07-19,0.369,0.0782,2.0,-21.261,0.0364,0.983,0.724,0.11,0.0899,70.386,330315.0,madi Ganavya
3ycCMOjVrLILvEoDS31hIa,Light Shadow,Sam Prekop,4Vtlz5IfA9y4EBwmp20wwk,2025-07-16,2025-07-19,0.518,0.568,8.0,-12.171,0.0414,0.879,0.942,0.139,0.411,118.001,428272.0,Light Shadow Sam Prekop
3xdLPwVQQ9WoPl7v34MIZl,Dead Rat,Hand Habits,5poU7FPEYoBlwjzOEWMbX5,2025-07-08,2025-07-19,0.605,0.282,1.0,-12.871,0.0498,0.871,0.0174,0.209,0.12,114.516,164240.0,Dead Rat Hand Habits
6w0Hwp8B3HNmzhKiMzeWOf,Out Out,Skye Newman,4UoEzpWZrFWvlGYOzTEn1M,2025-07-18,2025-07-19,0.697,0.207,9.0,-8.839,0.0306,0.845,0.0,0.416,0.238,84.958,161399.0,Out Out Skye Newman
5wFONkT1kjKdDVz9jePnRu,crickets!!!,hard life,7uwY65fDg3FVJ8MkJ5QuZK,2025-07-15,2025-07-19,0.78,0.396,11.0,-7.22,0.0473,0.839,0.0,0.147,0.666,124.975,99373.0,crickets!!! hard life
3dd8B6aaibeQOssE9epPl0,Planets,Billie Marten,02YLJJnWC7YQVixkjEBRn7,2025-07-18,2025-07-19,0.662,0.316,2.0,-14.52,0.0594,0.828,0.142,0.114,0.187,92.437,219503.0,Planets Billie Marten
4gVsKMMK0f8dweHL7Vm9HC,"Mind Loaded (feat. Caroline Polachek, Lorde & Mustafa)","Blood Orange, Caroline Polachek, Lorde, Mustafa","6LEeAFiJF8OuPx747e1wxR, 4Ge8xMJNwt6EEXOzVXju9a, 163tK9Wjr9P9DmM0AVK7lm, 1zkKkDDra0jlsiJYz57P3P",2025-07-17,2025-07-19,0.306,0.252,10.0,-11.333,0.0321,0.826,0.0361,0.113,0.22,70.264,217902.0,"Mind Loaded (feat. Caroline Polachek, Lorde & Mustafa) Blood Orange, Caroline Polachek, Lorde, Mustafa"
4T9ZCCAll4F0PYCPHWYSpJ,So It Goes,Penelope Road,2BxNY82SWxJkGveOWm2oxH,2025-07-18,2025-07-19,0.653,0.421,11.0,-8.295,0.0416,0.805,0.000115,0.0712,0.65,82.644,254409.0,So It Goes Penelope Road
4OnkZxUQMN9D7ZjGuxEd7K,Corny,Mr Eazi,4TAoP0f9OuWZUesao43xUW,2025-07-18,2025-07-19,0.55,0.46,0.0,-5.306,0.427,0.804,0.00391,0.141,0.674,203.267,174822.0,Corny Mr Eazi
305NjpvAaKhTuApKnLNEUt,1Time,boylife,6P8DiegQ0Inxj1UF6a9lCb,2025-07-08,2025-07-19,0.685,0.294,10.0,-10.751,0.0383,0.799,0.0,0.0955,0.389,124.099,230277.0,1Time boylife
50NGxg7o2WIikjJNMO3p1j,shadow,Amie Blu,3WWvqxymB3Nypxej8XcQKC,2025-07-17,2025-07-19,0.524,0.193,0.0,-11.983,0.0277,0.782,0.00226,0.371,0.176,78.951,167588.0,shadow Amie Blu
6KwZMaZEpzfldjrB0lRupr,sadie,FELIVAND,6QCstr3yhEVSZPQyDvvYjK,2025-07-17,2025-07-19,0.531,0.39,3.0,-11.444,0.0529,0.766,0.00216,0.11,0.319,79.987,270187.0,sadie FELIVAND
1GPJiUz5W8pJpmeqopYmPe,In the Chair,Odeal,2BPwxhCvvcb8xDl8GWIjbh,2025-07-11,2025-07-19,0.783,0.428,0.0,-8.609,0.0411,0.765,0.000196,0.108,0.542,125.005,138240.0,In the Chair Odeal
2R4O6ebtVe3jQbQNZzWS1y,Freshman Year,Moon By Moon,16Peg6EjnNKOIc7XEkUmdV,2025-07-11,2025-07-19,0.501,0.369,8.0,-10.84,0.0273,0.759,0.00131,0.182,0.185,109.965,316596.0,Freshman Year Moon By Moon
2DDo2QqElDO9PgOHeGtQiy,Madeline (feat. Gabriella Rose),"Zach Bryan, Gabriella Rose","40ZNYROS4zLfyyBSs2PGe2, 4Ff6AJhOGPhMC1wezoZNTj",2025-07-18,2025-07-19,0.626,0.269,6.0,-13.132,0.0363,0.759,7.98e-06,0.295,0.309,136.133,145147.0,"Madeline (feat. Gabriella Rose) Zach Bryan, Gabriella Rose"
3hb68nzi6kPkbRq6C8jJVU,Delusional,IkeN,7CaVQkC4udPIDQmSUrr4t0,2025-07-11,2025-07-19,0.706,0.297,11.0,-14.058,0.0311,0.703,0.05,0.103,0.7,110.016,213818.0,Delusional IkeN
2aZIwDwhKIozdoBtvDkzKZ,Oranges,Alex G,6lcwlkAjBPSKnFBZjjZFJs,2025-07-16,2025-07-19,0.708,0.244,6.0,-9.515,0.0311,0.666,0.267,0.0971,0.406,71.043,172787.0,Oranges Alex G
1bKRgI0BY9B7l2nMgW5dsf,don't speak,Lonr.,2FIGTfXnX4gR3ypjQVPVlJ,2025-07-17,2025-07-19,0.454,0.298,4.0,-9.063,0.0272,0.641,0.00662,0.109,0.209,80.076,156000.0,don't speak Lonr.
2NgcOqKBS0koP5dxFdw31P,go get that blade,Bricknasty,3BcbwxzJm5f0yppgo2Vatd,2025-07-16,2025-07-19,0.533,0.663,8.0,-5.98,0.165,0.636,2.61e-05,0.405,0.637,113.399,201029.0,go get that blade Bricknasty
6BTyp5DcXiR823NEAQePxj,Leave The City,Sun June,0UIQXpn5oXhmpgbUDFzaLb,2025-07-10,2025-07-19,0.647,0.332,6.0,-15.256,0.0267,0.636,0.401,0.124,0.297,104.073,268749.0,Leave The City Sun June
2fSkTqQp79TTfi0KRtnG4B,Long Roads,Sydney Minsky Sargeant,67XmpPOLIuRRGNUfXxyZ8J,2025-07-17,2025-07-19,0.448,0.331,2.0,-11.369,0.0424,0.605,0.371,0.107,0.0585,79.813,321187.0,Long Roads Sydney Minsky Sargeant
0yKsZ7zzBGlqcMGsYLHPnJ,Original,Malcolm Todd,7eKkW1zo5uzW8kUntiiBvz,2025-07-18,2025-07-19,0.676,0.521,2.0,-8.249,0.037,0.604,9.42e-05,0.185,0.614,139.411,195147.0,Original Malcolm Todd
3uayBcMNSF4JiN0oophCqG,Slow Burn,Andria Rose,7pyFoUaznDd4Bxq5PmPKnK,2025-07-18,2025-07-19,0.623,0.728,11.0,-7.76,0.0644,0.586,0.00675,0.44,0.612,116.939,188852.0,Slow Burn Andria Rose
0Qopdd7xJyhNd3tcvZEAgG,1995,"Freddie Gibbs, The Alchemist","0Y4inQK6OespitzD6ijMwb, 0eVyjRhzZKke2KFYTcDkeu",2025-07-17,2025-07-19,0.391,0.696,3.0,-10.773,0.492,0.586,0.0164,0.432,0.408,73.964,289427.0,"1995 Freddie Gibbs, The Alchemist"
36PAI4ORIT1jHLjYwgGpXw,pray4dagang (feat. KayCyy),"A$AP Rocky, KayCyy","13ubrt8QOOCPljQ2FL1Kca, 7gmVTgaiN0gpDJKvTHPTRL",2025-07-05,2025-07-19,0.668,0.739,11.0,-6.406,0.0887,0.583,1.56e-05,0.104,0.401,139.951,202868.0,"pray4dagang (feat. KayCyy) A$AP Rocky, KayCyy"
7tPPCfIkqUIJdZ4OLqtUk3,Say The Word,Sunflower Thieves,6UwPoe3ZqpC4OUuKgIinVW,2025-07-09,2025-07-19,0.49,0.458,10.0,-12.166,0.0318,0.552,0.0002,0.204,0.397,74.987,222767.0,Say The Word Sunflower Thieves
5JbX3yCeWW9xcdExxG2lCG,MAGIC DANCE,"Nate Smith, Lionel Loueke, Michael League","3C1TdpEowpf6AMf7PycuWy, 6q6EXv5ybArXqifMdmTIig, 0YzrofLyUlORKLkH8AAMm9",2025-07-09,2025-07-19,0.78,0.787,4.0,-8.243,0.0904,0.534,0.641,0.0891,0.824,103.669,216265.0,"MAGIC DANCE Nate Smith, Lionel Loueke, Michael League"
3DqAX8WRbGddPsgrfSXlO5,Love for the Night,Gaby K,7ezMkZ23evss6dLvTaBeeO,2025-07-18,2025-07-19,0.576,0.429,7.0,-13.052,0.154,0.524,0.0741,0.119,0.762,171.915,186154.0,Love for the Night Gaby K
7iUZ6jS92lTPIRtTLZU2Fb,Contact High,Mae Powell,1VSTyX3EyvqFHQs7LAt6vr,2025-07-08,2025-07-19,0.575,0.715,2.0,-6.621,0.0391,0.517,0.00746,0.188,0.902,120.97,203667.0,Contact High Mae Powell
1O6cXcqryBHN3IEHyfYkVS,"Seya - feat. Onipa, Fatoumata Diawara, Abou Diarra, Mélissa Hié & Ophélia Hié","Africa Express, Onipa, Fatoumata Diawara, Abou Diarra, Mélissa Hié, Ophélia Hié","0FvSMtCS6UPO4dfsvFT4Vm, 3M4siMIW7Pm9cT4jb1oNb5, 4G5ZJny3HvX6Il7eHVfnNC, 5FEb8EBFBoTJOCXigSGuE8, 1vjbKbbpLTjIlCvlnVVmGt, 0UiKPbwDJsliBBk4V5n2u4",2025-07-11,2025-07-19,0.762,0.892,6.0,-6.175,0.0498,0.485,0.000234,0.0563,0.745,129.968,177231.0,"Seya - feat. Onipa, Fatoumata Diawara, Abou Diarra, Mélissa Hié & Ophélia Hié Africa Express, Onipa, Fatoumata Diawara, Abou Diarra, Mélissa Hié, Ophélia Hié"
4HgATil33p8nGbw4P7LezV,Night of Heaven (feat. Counterfeit Madison & Kid Koala),"clipping., Daveed Diggs, Jonathan Snipes, William Hutson, Counterfeit Madison, Kid Koala","5HJ2kX5UTwN4Ns8fB5Rn1I, 3twuAojvYNrlWZpMkxLm3P, 5v69lcKunkvGk1SimYwL0M, 709RUroHgigfxfOrPwVDAm, 019lee9Q4rqwQRldHlt9fE, 2s0438sn0pYL2OuukcFqPN",2025-07-16,2025-07-19,0.716,0.514,9.0,-11.255,0.183,0.468,0.00252,0.113,0.324,122.047,230928.0,"Night of Heaven (feat. Counterfeit Madison & Kid Koala) clipping., Daveed Diggs, Jonathan Snipes, William Hutson, Counterfeit Madison, Kid Koala"
67u7sw6ZJR8yOyX3dwoeBV,"You Can’t Run From Yourself (From ""Kaiju No. 8"")",AURORA,1WgXqy2Dd70QQOU7Ay074N,2025-07-18,2025-07-19,0.325,0.639,7.0,-7.091,0.0352,0.467,1.32e-05,0.0829,0.197,86.582,136720.0,"You Can’t Run From Yourself (From ""Kaiju No. 8"") AURORA"
1dlaKLvIucLOHd55iAbZvH,Glad You Did,Jade Bird,7D8LuVnlyu91ndcPe70j7S,2025-07-18,2025-07-19,0.587,0.675,9.0,-4.148,0.0601,0.466,0.0,0.0891,0.694,162.87,176914.0,Glad You Did Jade Bird
4x1bDxhJ0JVBDeu7Ea7Dg1,Cold Cuts,"Mcbaise, Muthi","1bHp6iVI7Jit4RCKtic0YO, 2VS7wWU8UOz3QtuUBctltL",2025-07-18,2025-07-19,0.736,0.739,1.0,-9.074,0.0493,0.463,0.738,0.0958,0.612,89.985,289907.0,"Cold Cuts Mcbaise, Muthi"
5pqLT31JcC7kwjqIsq74D2,Thierry Henry,"Headie One, 36","6UCQYrcJ6wab6gnQ89OJFh, 7DGmBOT6629EbsQOqINEqJ",2025-07-17,2025-07-19,0.777,0.737,8.0,-6.833,0.271,0.451,0.0,0.161,0.803,144.93,185443.0,"Thierry Henry Headie One, 36"
3sQSzRFGx3IXEtiFRGQ9eC,The Glow,Aïda Mekonnen Caby,7MKQrlDE1JkyUtKxmWl8pA,2025-07-16,2025-07-19,0.7,0.501,5.0,-9.643,0.0303,0.444,0.426,0.278,0.27,118.082,194547.0,The Glow Aïda Mekonnen Caby
59qAajy1T6ZDb7LNvtVvqh,Falling From and Further,Hannah Frances,6Xep0FcobRPss2EjGf3ewz,2025-07-08,2025-07-19,0.255,0.534,2.0,-9.64,0.0368,0.425,0.041,0.0916,0.236,83.733,304722.0,Falling From and Further Hannah Frances
3cfQ8cCFhqekaqSsuhKXAj,3x,"Jim Legxacy, Dave","7IrBqZo6diq3hV3GpUhrs2, 6Ip8FS7vWT1uKkJSweANQK",2025-07-18,2025-07-19,0.521,0.609,8.0,-7.581,0.195,0.385,0.000643,0.283,0.302,101.17,160000.0,"3x Jim Legxacy, Dave"
1CnEPh46C45T7xv3ZEBb9h,1965,Jessie Murph,2yLzlEFtIS0Q9UkyBZdQA7,2025-07-18,2025-07-19,0.337,0.666,2.0,-5.919,0.279,0.376,2.83e-05,0.282,0.374,202.807,168248.0,1965 Jessie Murph
5eSSmNIgjgzru9ONPvNNYf,Feeeeeeeeel,Cash Cobain,2R0CFyeMDiRbfkhkIMbyl1,2025-07-10,2025-07-19,0.693,0.555,5.0,-4.854,0.224,0.371,0.00376,0.128,0.749,81.924,133086.0,Feeeeeeeeel Cash Cobain
6VjRWPA7YCzCklj5LAMUow,I Don't Know,"The Code, ELSA","21eeOqX01yzH3M9nSyYJ1S, 0pLgIOVJZrpfzyQUqLGvVd",2025-07-11,2025-07-19,0.814,0.427,3.0,-8.536,0.153,0.369,0.00379,0.0757,0.592,101.688,259435.0,"I Don't Know The Code, ELSA"
2PWHXKYpoaMqdjlf1Tqa5S,Mezcal,Liim,4WBs3HlXxMAqo8Yi6m1PCM,2025-07-16,2025-07-19,0.616,0.642,6.0,-6.76,0.0606,0.365,3.93e-05,0.099,0.406,146.442,177534.0,Mezcal Liim
08js71Oxets2ohP8KYJ7hB,Dreams Go,POLIÇA,34vLhockmYhf3LgznwyNaQ,2025-07-16,2025-07-19,0.675,0.644,6.0,-4.22,0.0335,0.314,0.000951,0.256,0.589,85.024,227333.0,Dreams Go POLIÇA
0qzrD3zjGNhujYJaYsDfK2,Slow Breathing,Ria Moran,7sqPt1JYIkHzs8xIizhyXn,2025-07-18,2025-07-19,0.6,0.571,10.0,-6.404,0.0346,0.312,7.32e-05,0.166,0.495,79.974,219227.0,Slow Breathing Ria Moran
05TozN4UwwoZQDBoTj3Vsu,Tracy Beaker,BINA.,2cOj9uwYqm3PHx1i5n7BkC,2025-07-17,2025-07-19,0.585,0.493,8.0,-9.264,0.15,0.312,0.0258,0.124,0.453,175.963,177273.0,Tracy Beaker BINA.
6hUVvJwB4Q10FMv7dpz61E,Honeybabe,Mitch Rowland,5AH3J6o4zTwo2tADpRiQRZ,2025-07-18,2025-07-19,0.743,0.67,7.0,-5.427,0.0267,0.306,6.84e-05,0.224,0.785,112.001,233787.0,Honeybabe Mitch Rowland
29ZHlS5vSJFHr5b4tbcs92,WAYO,Lei Hope,6257V4WUEDg5kZd2IbBUJu,2025-07-16,2025-07-19,0.823,0.51,7.0,-6.929,0.0591,0.298,0.157,0.058,0.622,99.081,209773.0,WAYO Lei Hope
1zQ5rSwPVpuGkhFrkh2zsm,Car Crash,Deaf Havana,0exhrQcReCdr11oPbOh22M,2025-07-17,2025-07-19,0.617,0.437,1.0,-9.532,0.0397,0.293,0.0,0.159,0.369,118.019,226907.0,Car Crash Deaf Havana
6pQb3HMskL8iNkd7oie0vJ,Everybody I Know,Mike Polizze,3WfhSbLnnCpyH5zFZP8NZA,2025-07-11,2025-07-19,0.546,0.63,6.0,-7.555,0.0277,0.29,0.0505,0.374,0.8,108.073,247095.0,Everybody I Know Mike Polizze
69on3Xiwv2k4s0hZUGpukQ,So Fine (feat. Tink),"Anycia, Tink","4bOqkIGQCcuZgjfDxNuX1I, 4v6XOdonnfpdTKTRJArG7v",2025-07-18,2025-07-19,0.709,0.58,1.0,-4.441,0.183,0.289,0.0,0.16,0.363,96.062,164947.0,"So Fine (feat. Tink) Anycia, Tink"
4j7KulNZzQkSXugg0i26ul,Spring Drills,Solo Career,2j4psU9AyAD46rqgtXfl8R,2025-07-11,2025-07-19,0.556,0.857,7.0,-7.377,0.0325,0.28,0.303,0.144,0.851,127.957,247813.0,Spring Drills Solo Career
5JqEsaKnCz0tpeJzFKw4yd,Broken Promises,Luke Marzec,5X0GAEimapMzpG5Q7Sibmh,2025-07-16,2025-07-19,0.714,0.513,6.0,-6.743,0.0342,0.255,0.00894,0.245,0.587,89.737,260750.0,Broken Promises Luke Marzec
6pksOlkyBdrRZbMsuyDYO0,Candy From A Stranger,Jens Lekman,7tzI4rSFTHafjF18ZrNZWx,2025-07-10,2025-07-19,0.602,0.529,5.0,-7.409,0.0281,0.24,0.0,0.0754,0.413,122.963,225027.0,Candy From A Stranger Jens Lekman
08iQaBBx5pkyEam6jxJegI,Última Noche,"Bad Gyal, Ozuna","4F4pp8NUW08JuXwnoxglpN, 1i8SpTcr7yvPOmcqrbnVXY",2025-07-17,2025-07-19,0.681,0.717,6.0,-4.571,0.256,0.236,0.0,0.109,0.593,167.996,235093.0,"Última Noche Bad Gyal, Ozuna"
1XLbwHRA90LSQMSiaJRhJN,Easy Goodbye,"Emma Louise, Flume","1A96iePIMNFBjLrjXEl718, 6nxWCVXbOlEVRexSbLsTer",2025-07-18,2025-07-19,0.473,0.564,0.0,-5.678,0.204,0.231,0.0391,0.327,0.251,84.009,254297.0,"Easy Goodbye Emma Louise, Flume"
0B0uNI2m1ACui50VLP3mcB,Bars and BBQs,Shad,15lOM8PWY9pXQoURZwSZlK,2025-07-10,2025-07-19,0.646,0.75,2.0,-5.007,0.265,0.224,0.000104,0.369,0.407,79.871,165814.0,Bars and BBQs Shad
4GIzF430AeojkdRlwsDULi,VELVET ROOM,"sunking, Deradoorian","3P5WQ1fr1bhAZczPRUf4HX, 3jLCHiuXBTGEEku37TsobP",2025-07-11,2025-07-19,0.639,0.882,4.0,-9.315,0.0634,0.221,0.744,0.1,0.511,145.027,189757.0,"VELVET ROOM sunking, Deradoorian"
1SBssHqjExrLN8LexJ5Dqq,DSM,"Sainté, Wiz Khalifa","3DEdNjxF3ea9taOMCXouZ6, 137W8MRPWKqSmrBGDBFSop",2025-07-18,2025-07-19,0.7,0.511,8.0,-9.509,0.238,0.211,0.0,0.103,0.134,142.906,181259.0,"DSM Sainté, Wiz Khalifa"
7MtQJKhe8vRTwhyCC2cl0O,Out in the Dark,Jeff Tweedy,2rDxtYUzTAYJJE3Bl3Z5IN,2025-07-15,2025-07-19,0.936,0.621,7.0,-7.753,0.0507,0.192,0.257,0.113,0.961,131.968,213360.0,Out in the Dark Jeff Tweedy
1RFnvG2cUXgR3zJEmBehZq,Elizabeth,Maygen & The Birdwatcher,5R2t1TUrdWCub9CAUhnzz8,2025-07-10,2025-07-19,0.709,0.844,11.0,-6.161,0.0375,0.175,0.00012,0.064,0.779,117.975,235800.0,Elizabeth Maygen & The Birdwatcher
2XQIhPALkOY06FrmirfYIg,Tenner,Lojay,3ONGmday8YN8AkbsRk01iL,2025-07-18,2025-07-19,0.558,0.509,6.0,-8.769,0.241,0.163,0.000993,0.0843,0.598,155.852,156648.0,Tenner Lojay
0WDvsKwqhn9alx29Z80DmG,ALAMBRE PúA,Bad Bunny,4q3ewBCX7sLwd24euuV69X,2025-07-14,2025-07-19,0.745,0.841,6.0,-4.82,0.0794,0.163,0.000135,0.0955,0.477,120.041,146018.0,ALAMBRE PúA Bad Bunny
6uHFeKZwWzGyIXlLbKi9oz,I Can Die Now,Ruel,5xkAtLTf309LAGZTbvULBn,2025-07-17,2025-07-19,0.662,0.722,7.0,-3.013,0.108,0.157,0.0,0.101,0.663,146.727,170785.0,I Can Die Now Ruel
5fy3nLcbKOZ7R7QRBcGsCF,Exhale,Skullcrusher,1GUaQ6GpaxFPKZ0SCSsnwD,2025-07-16,2025-07-19,0.405,0.486,6.0,-9.555,0.0289,0.153,0.0846,0.1,0.102,140.134,196747.0,Exhale Skullcrusher
28Lt8UhUhJLgGsJQpDEJDE,Don't Wake Me Up [Feat. Jesse Welles],"Margo Price, Jesse Welles","09yvLritEUxHrzx5TlFvbl, 366xgdzfRGQoiDRGidGlDJ",2025-07-15,2025-07-19,0.583,0.736,7.0,-7.352,0.0415,0.135,2.7e-06,0.339,0.85,92.133,253561.0,"Don't Wake Me Up [Feat. Jesse Welles] Margo Price, Jesse Welles"
1lzB5qrIA9GBH8cq5mZCSw,KHE CALOR,Danna Paola,5xSx2FM8mQnrfgM1QsHniB,2025-07-18,2025-07-19,0.733,0.68,5.0,-5.409,0.193,0.13,6.8e-05,0.212,0.494,122.231,126315.0,KHE CALOR Danna Paola
0jPuA906EEgCCVdNKDsyjL,Feeling of Almost,ANGELIKA,2f6pKWkahrDNnh44W12y6Z,2025-07-17,2025-07-19,0.658,0.592,9.0,-9.941,0.0343,0.115,0.0741,0.352,0.348,129.043,179656.0,Feeling of Almost ANGELIKA
5pQEHIZYLyyE7ABTXhSjNF,Day by Day - Close Counters Remix,"Mark de Clive-Lowe, Cherie Mathieson, Close Counters","6K3loJxbWoXzVycXOBKh7P, 5azTbKXkwBRPlmwryLTCvE, 1b94FVTCNMq9gU78ByW6iY",2025-07-11,2025-07-19,0.736,0.661,2.0,-10.564,0.0469,0.114,0.47,0.0885,0.43,105.005,295590.0,"Day by Day - Close Counters Remix Mark de Clive-Lowe, Cherie Mathieson, Close Counters"
69NGfLih2nqHV7JpABexpd,Dang,Rainbow Kitten Surprise,4hz8tIajF2INpgM0qzPJz2,2025-07-18,2025-07-19,0.547,0.939,4.0,-3.48,0.0696,0.112,6.4e-06,0.111,0.319,148.108,202597.0,Dang Rainbow Kitten Surprise
1batORuYNZ6UUgb6jp7rli,Fragile People,Ivy,2TpNrO0G2ahji2IOR94TLA,2025-07-09,2025-07-19,0.623,0.743,0.0,-7.152,0.0282,0.109,0.759,0.116,0.349,117.976,312924.0,Fragile People Ivy
5ymoSgjaTUsblqegYnSyvV,Stellar Paradox,J.Fla,2GbvMs4GBhcjd9d4N9sGUV,2025-07-11,2025-07-19,0.543,0.759,10.0,-5.913,0.0614,0.101,0.000139,0.136,0.591,174.96,186293.0,Stellar Paradox J.Fla
3biCjgjyi7vPA2ZvfB1Ds1,"Hi, Everyone Leave Please",FLETCHER,5qa31A9HySw3T7MKWI9bGg,2025-07-18,2025-07-19,0.541,0.516,11.0,-8.26,0.0373,0.0993,0.00047,0.105,0.208,124.902,175187.0,"Hi, Everyone Leave Please FLETCHER"
1sNbtJZqwx0G32wxWT0uvA,In Your Arms,Bleach Lab,2B70zWgfCAGQ8o2ImS2bH8,2025-07-18,2025-07-19,0.486,0.645,0.0,-8.534,0.0262,0.0972,0.0506,0.169,0.351,92.877,232709.0,In Your Arms Bleach Lab
692knpyCK9A1Bh2GdzG67A,Like the Boys,Eliza McLamb,5jy9tglmQRLmTmcqz2qyUa,2025-07-16,2025-07-19,0.537,0.941,6.0,-4.086,0.152,0.0964,0.0015,0.113,0.486,133.902,157280.0,Like the Boys Eliza McLamb
2XOnuf9xCg90wOcrthaGPD,Jumbos,Boyish,6VgPyGeGO86DztjK7GCYT3,2025-07-18,2025-07-19,0.568,0.621,1.0,-5.556,0.029,0.0922,8.43e-05,0.474,0.321,105.881,191689.0,Jumbos Boyish
6ndIUORCz2Skax5iPl11P8,Why Is She Still Here?,Reneé Rapp,2hUYKu1x0UZQXvzCmggvSn,2025-07-18,2025-07-19,0.382,0.582,8.0,-4.766,0.0722,0.092,0.0,0.188,0.285,187.909,150255.0,Why Is She Still Here? Reneé Rapp
7xwNAdQd4CBZegpwoyCEZc,Everything Anything,Alessi Rose,6QXtidyXX0uGggafrYdktx,2025-07-18,2025-07-19,0.761,0.692,7.0,-5.906,0.0337,0.0851,0.0,0.402,0.867,109.984,201812.0,Everything Anything Alessi Rose
7d7g7UdalLsmfZEACeHdL8,Os Ancestrais,"Adrian Younge, Ali Shaheed Muhammad, Dom Salvador","4aMeIY7MkJoZg7O91cmDDd, 6adBZwsyxZuWDoty0Tg0lt, 2ETJpexAxlTPCT6BXHJG1w",2025-07-11,2025-07-19,0.771,0.761,9.0,-6.624,0.109,0.0841,0.423,0.125,0.865,81.415,216061.0,"Os Ancestrais Adrian Younge, Ali Shaheed Muhammad, Dom Salvador"
68HBTsHBsQ5vYArSY2Edsr,HARK!,Joviale,2U1y15TfmMGMDCV7S2mbQ7,2025-07-09,2025-07-19,0.624,0.829,6.0,-6.05,0.0467,0.078,0.000112,0.135,0.686,95.994,206623.0,HARK! Joviale
2HMQxhTjVKyaL2TeorjmbX,Reach For You,"Chris Lake, MPH, Kelly Lee Owens","5Igpc9iLZ3YGtKeYfSrrOE, 62SCu33InHVq97VaWw3eof, 5eitAUlYmlha3LLWg7aBn5",2025-07-11,2025-07-19,0.562,0.78,1.0,-6.589,0.0507,0.0777,0.749,0.118,0.27,134.946,231111.0,"Reach For You Chris Lake, MPH, Kelly Lee Owens"
1tnX8mfnYsPb3DjN3iHO5T,Outta Bounds,Evidence,6VfeYClQyVUCPJdXb9jl3O,2025-07-09,2025-07-19,0.656,0.81,1.0,-7.119,0.173,0.0768,0.0,0.477,0.896,149.563,134968.0,Outta Bounds Evidence
3nvzJUiZ0uQvZx8Y9tcVmR,Tiny Voice,Mae Stephens,311uEW9rt5g2NmzjGEKS2E,2025-07-17,2025-07-19,0.789,0.64,9.0,-5.496,0.055,0.0758,0.0,0.0845,0.772,120.089,140743.0,Tiny Voice Mae Stephens
40TDQspXHqcwCGdaI8iI5c,"Otim Hop - feat. Otim Alpha, Bootie Brown, K.O.G & Tom Excell","Africa Express, Otim Alpha, Bootie Brown, K.O.G, Tom Excell","0FvSMtCS6UPO4dfsvFT4Vm, 07uMqKd2ikfAnQiyF0bNlV, 6GI3CJjT2bOnMfprCpjT1d, 6n5BdjorrfFAe3OVqHHfUi, 7xWMYlmDVs3qZKLgJU7dKK",2025-07-11,2025-07-19,0.838,0.734,11.0,-4.174,0.151,0.0751,3.16e-06,0.0984,0.432,96.926,192667.0,"Otim Hop - feat. Otim Alpha, Bootie Brown, K.O.G & Tom Excell Africa Express, Otim Alpha, Bootie Brown, K.O.G, Tom Excell"
4kOpjZvVRZ9plg1qAd2sSu,Go Shawty,Kiing Sequence,0RKQfzegmTd3F1HRbT91kX,2025-07-11,2025-07-19,0.635,0.635,8.0,-9.435,0.213,0.0732,7.1e-05,0.14,0.557,86.642,168000.0,Go Shawty Kiing Sequence
7M6lMb9XwFUKGycdOvH2m2,Arizona Rain,Sam Pounds,1XoE8WpGuDGZ0SY1piWND1,2025-07-18,2025-07-19,0.444,0.851,4.0,-3.127,0.0473,0.0717,0.0,0.0977,0.647,75.968,181393.0,Arizona Rain Sam Pounds
5zEgkeDQtPTKAC7sM5ocUp,Party,thredd,0Ev2bboZsrsNWTTwaOtXQC,2025-07-16,2025-07-19,0.626,0.869,1.0,-6.835,0.0485,0.0675,0.844,0.0826,0.625,93.991,174280.0,Party thredd
0LnjlEJ3A7CfVYVH2l5KkH,new david bowie,Jim Legxacy,7IrBqZo6diq3hV3GpUhrs2,2025-07-18,2025-07-19,0.72,0.723,10.0,-6.137,0.145,0.0627,1.92e-06,0.145,0.631,87.638,134400.0,new david bowie Jim Legxacy
3J4lO2oyDMLEYGdHgRcJHW,E.B.I.T.D.A.,"Clipse, Pharrell Williams, Pusha T, Malice","2J257euzcjnDLipsyJH3F2, 2RdwBSPQiwcmiDo9kixcl8, 0ONHkAv9pCAFxb0zJwDNTy, 4P4gZvRYiVpvtCkmd37jRM",2025-07-11,2025-07-19,0.589,0.95,9.0,-4.318,0.223,0.0612,1.13e-06,0.176,0.879,199.852,119973.0,"E.B.I.T.D.A. Clipse, Pharrell Williams, Pusha T, Malice"
6BEv1WwbbwL7SqYU9eowI7,All Systems Are Lying,Soulwax,43mWhBXSflupNLuNjM5vff,2025-07-09,2025-07-19,0.703,0.761,7.0,-6.496,0.0464,0.0558,0.826,0.118,0.464,129.066,200754.0,All Systems Are Lying Soulwax
2OROY6zmOek6eeNtUaaEYa,Twinkle Twinkle,Axel Boman,59qo8jHDlC1i30HVjQQW3O,2025-07-10,2025-07-19,0.797,0.949,11.0,-8.708,0.0459,0.0557,0.813,0.0787,0.637,119.001,253840.0,Twinkle Twinkle Axel Boman
0H2OWzwSFI9wFuHZxZihim,We Are Love,The Charlatans,5fScAXreYFnuqwOgBsJgSd,2025-07-14,2025-07-19,0.521,0.904,4.0,-5.631,0.0604,0.055,0.00964,0.267,0.487,152.133,229568.0,We Are Love The Charlatans
5S7Jok7NAJks2akNJPSoWt,Far Side of the Moon,Chet Faker,6UcJxoeHWWWyT5HZP064om,2025-07-16,2025-07-19,0.534,0.663,7.0,-7.115,0.0315,0.0477,0.00224,0.121,0.334,116.045,213503.0,Far Side of the Moon Chet Faker
1jjfb6Ne65MgkrT3jTJMLv,Amazing,Yola,2gqMBdyddvN82dzZt4ZF14,2025-07-18,2025-07-19,0.647,0.803,9.0,-4.143,0.0586,0.045,2e-06,0.0905,0.53,134.047,170578.0,Amazing Yola
7pv2gqZ88U8ruKVIJs8Vsu,Tell Me Everything's Alright,HotWax,237mvWGlQNJJhc9b8pSawZ,2025-07-16,2025-07-19,0.464,0.698,8.0,-5.263,0.0389,0.0444,0.0562,0.0972,0.252,110.93,163000.0,Tell Me Everything's Alright HotWax
0niZ5nPEL4I0wXKWrj0mQr,Panthera Cry,Leroi Conroy,2PByfnZrAVQUWdsUwZDQUw,2025-07-11,2025-07-19,0.639,0.428,2.0,-5.618,0.04,0.0433,0.927,0.0496,0.329,88.854,147467.0,Panthera Cry Leroi Conroy
231MlrwBMFPgJC05VChPXF,Playing Classics,Water From Your Eyes,6hYlNLoZJg74dVhA8FHIc0,2025-07-15,2025-07-19,0.601,0.736,5.0,-5.984,0.0468,0.0428,0.308,0.114,0.596,138.033,353261.0,Playing Classics Water From Your Eyes
492y99GG1u1giNjvFC3WiR,Been A Minute,Leigh-Anne,79QUtAVxGAAoiWNlqBz9iy,2025-07-18,2025-07-19,0.743,0.725,11.0,-5.952,0.117,0.0404,0.00865,0.247,0.561,108.049,200333.0,Been A Minute Leigh-Anne
1bEgyMW0qkchQo6n3lrHp2,Twin Flame,The Aces,2AmfMGi3WZMxqFDHissIAe,2025-07-18,2025-07-19,0.689,0.832,6.0,-5.283,0.035,0.0379,0.0,0.0608,0.903,114.97,225400.0,Twin Flame The Aces
0LI7gvHXbBvt6e8EORDzA1,The Omerta,"Raekwon, Nas","2yQf6b8hxahZaT5dHlWaB1, 20qISvAhX20dpIbOOzGK3q",2025-07-18,2025-07-19,0.57,0.919,10.0,-1.599,0.324,0.037,0.0,0.102,0.816,85.7,198448.0,"The Omerta Raekwon, Nas"
7khKM6qJ3Yg48VOxLVoKNj,Cry Cry Cry,King Princess,6beUvFUlKliUYJdLOXNj9C,2025-07-15,2025-07-19,0.559,0.797,4.0,-4.352,0.0497,0.0358,3.77e-06,0.646,0.792,164.018,178098.0,Cry Cry Cry King Princess
6pG1S7cYlTzfCVsTWNw2Iw,place of my own,Purity Ring,1TtJ8j22Roc24e2Jx3OcU4,2025-07-10,2025-07-19,0.569,0.721,1.0,-7.249,0.0434,0.0342,0.338,0.381,0.29,119.968,180054.0,place of my own Purity Ring
2vs8SSTZYuwjjiMohS0adS,Life's a Mess,Siichaq,4VQdUfkcbsEeCijjsO2U8G,2025-07-16,2025-07-19,0.576,0.4,0.0,-11.286,0.0255,0.0332,0.278,0.15,0.35,100.022,205853.0,Life's a Mess Siichaq
2kTnXxFUsLjpdkCf4PEPKg,Perfectly,FKA twigs,6nB0iY1cjSY1KyhYyuIIKH,2025-07-16,2025-07-19,0.776,0.737,0.0,-7.156,0.0459,0.0275,0.132,0.527,0.397,139.992,230798.0,Perfectly FKA twigs
4HNn8txPba0KsEND4YWhhG,SPIRALLING,Sofia and the Antoinettes,2Wmot0sq6wOOjvcYD4NRD7,2025-07-18,2025-07-19,0.412,0.392,4.0,-5.637,0.0346,0.0268,1.5e-06,0.124,0.158,170.03,205557.0,SPIRALLING Sofia and the Antoinettes
3wtmfJg7Y59193gisXjdmR,RAGE,PRESIDENT,40nPYop0FOD9Syyu5y4dAU,2025-07-17,2025-07-19,0.478,0.651,4.0,-5.702,0.0361,0.0255,0.0384,0.26,0.341,128.559,248395.0,RAGE PRESIDENT
24BkrXsHVZdmy7mcoRAqLk,space,Ella Eyre,66TrUkUZ3RM29dqeDQRgyA,2025-07-15,2025-07-19,0.692,0.889,6.0,-2.134,0.0343,0.0255,0.0,0.333,0.893,111.061,162175.0,space Ella Eyre
1rQEgtQNsj63xIUzEmKbML,DUMBO,Travis Scott,0Y5tJX1MQlPlqiwlOH1tJY,2025-07-13,2025-07-19,0.786,0.692,0.0,-4.34,0.0369,0.0243,0.156,0.0829,0.293,137.008,238249.0,DUMBO Travis Scott
5yriBaBAgiRDoTVVWazMuv,"Changes (Live From Villa Park) Back To The Beginning (feat. Nuno Bettencourt, Frank Bello, Adam Wakeman, II)","YUNGBLUD, Nuno Bettencourt, Frank Bello, Adam Wakeman, II","6Ad91Jof8Niiw0lGLLi3NW, 3konlNIREmuxZRIFKSPKmK, 722seNrup2GdGVhFRlkDwp, 7KOt1Tbe2piq9ZRcyz8SOG, 6eANS9h19SCocZ79kuYbJA",2025-07-18,2025-07-19,0.204,0.716,0.0,-5.392,0.0477,0.0238,0.0279,0.802,0.264,98.316,340359.0,"Changes (Live From Villa Park) Back To The Beginning (feat. Nuno Bettencourt, Frank Bello, Adam Wakeman, II) YUNGBLUD, Nuno Bettencourt, Frank Bello, Adam Wakeman, II"
46XujpPTOFee7OygcdbwRr,Bouncing in Blue,Pile,44pUNjqg4mExLyFHnB3Bqf,2025-07-15,2025-07-19,0.297,0.433,2.0,-6.247,0.0418,0.0222,0.856,0.464,0.105,124.838,337913.0,Bouncing in Blue Pile
2Z4VqvPcyjpNpWUCZ75ddH,"____, close to you.","es.cher, ultra caro","2gdp9EASFocvbsj2MV7lU7, 3ypTgZWVLSkBaTjFNjSDE8",2025-07-16,2025-07-19,0.402,0.78,4.0,-5.435,0.0338,0.0216,0.0137,0.419,0.137,92.015,163058.0,"____, close to you. es.cher, ultra caro"
4ltUVGlf3c6k6a5yR8sDbq,She Explains Things To Me,"David Byrne, Ghost Train Orchestra","20vuBdFblWUo2FCOvUzusB, 5BzKicNaRTRH3S91oDV2Fo",2025-07-16,2025-07-19,0.473,0.565,0.0,-5.378,0.0297,0.0208,0.0,0.406,0.703,163.766,138920.0,"She Explains Things To Me David Byrne, Ghost Train Orchestra"
5sxE1s2XQIE2nKs4PFRrBW,Easy On Myself,Late Again,7qnOGa8Zkp73wNWyXJauEf,2025-07-16,2025-07-19,0.6,0.682,2.0,-7.784,0.0285,0.0208,0.772,0.61,0.562,102.016,187827.0,Easy On Myself Late Again
5MhvKenRholQWMeJQkt7uL,Toastyyy,"Genia, Timbaland","4aAD0IqgpuOUyFGFZKEgNB, 5Y5TRrQiqgUO4S36tzjIRZ",2025-07-18,2025-07-19,0.749,0.66,1.0,-4.22,0.0839,0.0207,0.0,0.357,0.538,150.077,147428.0,"Toastyyy Genia, Timbaland"
3Dc5AOVwCpI5KBJArPgsqx,Heartbeats - Logic1000 Remix,"José González, Logic1000","6xrCU6zdcSTsG2hLrojpmI, 2EFsfh1zewsSWhDINv7j1I",2025-07-10,2025-07-19,0.797,0.678,6.0,-9.605,0.0385,0.0195,0.0987,0.0849,0.382,124.003,198693.0,"Heartbeats - Logic1000 Remix José González, Logic1000"
6ddxAinJdZYfcZGBeUDMhs,The Reason I Could Sleep Forever,Scarlet Rae,06v4QDLJOrIz62gsU9lN3K,2025-07-16,2025-07-19,0.497,0.647,5.0,-7.863,0.0269,0.0184,0.000116,0.119,0.271,143.959,203480.0,The Reason I Could Sleep Forever Scarlet Rae
5e1AS6pEpqbiqCvjDxE0n1,Wreck,Neko Case,4Cedjq5BQL3MhapRvDpFED,2025-07-08,2025-07-19,0.515,0.572,7.0,-8.233,0.0286,0.0182,0.0423,0.0427,0.34,126.56,190014.0,Wreck Neko Case
1VYap9Sh9DJCBLJyXlKCPv,Pockets,Panic Shack,26HCuM5PamldoaHII5Ifxc,2025-07-17,2025-07-19,0.675,0.95,7.0,-3.804,0.0962,0.0177,0.000671,0.417,0.52,104.982,187816.0,Pockets Panic Shack
3G16TkmTpBp8FyDkgev4Dc,MY TYPE,Sudan Archives,2MPHBxznH1fj59jbOWY38u,2025-07-16,2025-07-19,0.69,0.886,1.0,-5.639,0.0438,0.0175,0.000946,0.157,0.165,119.978,188933.0,MY TYPE Sudan Archives
3kx7vZyN10rNA4hPpfZBGS,Asheville,glaive,4cJKDGSv4Dz9QycXYmo565,2025-07-18,2025-07-19,0.717,0.779,1.0,-3.723,0.287,0.0175,0.0,0.376,0.551,134.578,158285.0,Asheville glaive
2NMgk6sLGilw9Vqo5BsLjJ,Tiger Trot,Leroi Conroy,2PByfnZrAVQUWdsUwZDQUw,2025-07-11,2025-07-19,0.368,0.794,3.0,-5.25,0.0415,0.0174,0.825,0.126,0.553,183.108,188452.0,Tiger Trot Leroi Conroy
3pH3uBY7wYpyOodQHWqULX,War Machine,LAWN CHAIR,6DV8F2dujEPQRsjcNqnwr4,2025-07-15,2025-07-19,0.378,0.491,4.0,-6.157,0.0258,0.0173,0.000241,0.0852,0.137,167.882,227982.0,War Machine LAWN CHAIR
0ovcYLTYKuN7cwOdDtnUCP,Combust,Lauv,5JZ7CnR6gTvEMKX4g70Amv,2025-07-18,2025-07-19,0.584,0.708,6.0,-6.397,0.0662,0.0172,0.0,0.233,0.32,126.971,138162.0,Combust Lauv
0J8A3Ccs5ghyo8Fa1iKOTv,Small World Syndrome,WARGASM (UK),1NRudBLaT84LXxfsYdFMhB,2025-07-15,2025-07-19,0.743,0.633,8.0,-4.302,0.377,0.0167,1.18e-06,0.0435,0.848,140.079,165923.0,Small World Syndrome WARGASM (UK)
1B7H8QU1fqLuA2j9T4DuYS,Time,Curtis Harding,0CUpzKPDfIVzYqMn47jiV3,2025-07-14,2025-07-19,0.637,0.785,10.0,-5.935,0.0444,0.0161,0.000288,0.522,0.689,92.054,292267.0,Time Curtis Harding
2sRWqEaeb91Lv6KwDQnHlO,Ensenada,Sublime,0EdvGhlC1FkGItLOWQzG4J,2025-07-18,2025-07-19,0.667,0.829,10.0,-3.712,0.0634,0.0153,3.2e-05,0.459,0.754,95.057,154485.0,Ensenada Sublime
3SmZeximJQqRBuZF82aq0O,The Devil,Gwenno,44mRrrRjaV8iu1VLIKuwty,2025-07-11,2025-07-19,0.762,0.662,5.0,-8.914,0.04,0.014,0.0299,0.127,0.417,118.008,278700.0,The Devil Gwenno
7yQ81seKEKNWfGJojS1Tci,Coco Money,Adekunle Gold,2IK173RXLiCSQ8fhDlAb3s,2025-07-18,2025-07-19,0.597,0.78,9.0,-6.832,0.213,0.0113,4.27e-06,0.215,0.553,116.836,135906.0,Coco Money Adekunle Gold
1fG7oiWtjaRiKUNKDtD3jX,Iris,Olof Dreijer,1Wxx3yxd6gZsNiAF1OwLk0,2025-07-17,2025-07-19,0.909,0.432,0.0,-11.801,0.54,0.0101,0.00545,0.263,0.531,126.95,325468.0,Iris Olof Dreijer
2mcw3TBOZLMJ5DveyfcA3k,REBIRTH OF SLICK (COOL LIKE DAT),Kassa Overall,7qzzcFzliEAHMlDA9qaRVf,2025-07-10,2025-07-19,0.387,0.782,11.0,-6.176,0.193,0.00874,0.335,0.0941,0.651,90.7,184903.0,REBIRTH OF SLICK (COOL LIKE DAT) Kassa Overall
6rdh6ks0Sy8HZaEBXbf7Uc,Chatoyancy,Barrio Lindo,6AHDMBhI1OTokvO5DkBB9p,2025-07-11,2025-07-19,0.636,0.675,6.0,-10.094,0.0425,0.00801,0.84,0.128,0.776,109.954,265387.0,Chatoyancy Barrio Lindo
0c57OvZwYt8JpvlGYVfJu6,Who Loves You,"Gilligan Moss, Betsy","2fo0F81pRzdXjmWP6MkQqB, 58FAQGIDRMXK5AsxJu9YNp",2025-07-08,2025-07-19,0.681,0.737,1.0,-7.394,0.0665,0.00779,0.344,0.094,0.795,133.0,183130.0,"Who Loves You Gilligan Moss, Betsy"
4kMBP4BSFB0vNYQDVGiJq6,Creature In The Black Night,Dayseeker,5FjQVp1Lb0kltmwIuu5kfj,2025-07-09,2025-07-19,0.52,0.872,0.0,-4.71,0.0512,0.00674,0.00123,0.198,0.179,120.001,228518.0,Creature In The Black Night Dayseeker
54K9jnCgyW5c6AA5Xy0rpw,Clap Your Hands,Daphni,4nhvb6x9ZhPiYCzrHDNia9,2025-07-15,2025-07-19,0.789,0.815,7.0,-8.685,0.0467,0.00672,0.881,0.0814,0.5,135.987,277276.0,Clap Your Hands Daphni
7KgLnywnAJMWG28JtkA3a7,Life’s a Zoo,"Guerilla Toss, Stephen Malkmus, Ben Katzman's DeGreaser","2PlLrStX2yK6CzyRi3TKnO, 0WISkx0PwT6lYWdPqKUJY8, 4cOSX5lu2hhm3hYhMnwRig",2025-07-15,2025-07-19,0.579,0.829,9.0,-5.811,0.047,0.00607,0.00757,0.35,0.585,172.019,217787.0,"Life’s a Zoo Guerilla Toss, Stephen Malkmus, Ben Katzman's DeGreaser"
47HdXfgydiy53cEiD6lhU5,Call U Back,TTSSFU,4u0g598Mtg9ch4HgEP2DFG,2025-07-16,2025-07-19,0.569,0.706,6.0,-6.894,0.0298,0.006,0.783,0.0791,0.361,149.016,184054.0,Call U Back TTSSFU
7LnUx9Gvah0Tns9YyXEvFH,Clutch,Two Shell,4mcHKwboFDmpDBQ4fiOrf3,2025-07-14,2025-07-19,0.497,0.92,6.0,-3.347,0.0859,0.0055,0.837,0.05,0.556,132.027,314500.0,Clutch Two Shell
1Zgttkd7YzZfaYsqAStfsU,Stepper,Good Charlotte,5aYyPjAsLj7UzANzdupwnS,2025-07-18,2025-07-19,0.607,0.936,11.0,-1.99,0.071,0.00478,0.0,0.0716,0.695,125.018,196748.0,Stepper Good Charlotte
7LwQfsJ7JzgfFr7ErvcTs6,r u ok?,ifeye,1g971p3BXozVYNCn7JRMNa,2025-07-16,2025-07-19,0.842,0.807,11.0,-5.005,0.0444,0.00448,0.000447,0.164,0.782,128.026,164000.0,r u ok? ifeye
2A0yaDps8KbadUuUEegBYQ,Shallow,Black Honey,2oVmQT6s29pVIKpqJkyxBS,2025-07-16,2025-07-19,0.51,0.867,0.0,-3.674,0.0371,0.00442,2.91e-05,0.0919,0.505,93.279,203033.0,Shallow Black Honey
6O4bUfJwKv9zwGDURcTBoO,trainers,They Are Gutting a Body of Water,2VhTBaV2Io9AJe661MUTEj,2025-07-15,2025-07-19,0.435,0.769,4.0,-5.064,0.0402,0.00433,0.06,0.158,0.393,178.218,165304.0,trainers They Are Gutting a Body of Water
1mduxXxLvhu5OzebDWMYqX,This is the Killer Speaking,The Last Dinner Party,5SHgclK1ZpTdfdAmXW7J6s,2025-07-17,2025-07-19,0.388,0.711,6.0,-5.402,0.0394,0.00404,7.41e-06,0.489,0.4,123.037,294773.0,This is the Killer Speaking The Last Dinner Party
5BUmnVS1NK0Bx2L3jKRBjP,Doom Culture,Two Shell,4mcHKwboFDmpDBQ4fiOrf3,2025-07-14,2025-07-19,0.703,0.817,11.0,-5.883,0.211,0.00383,0.00735,0.0831,0.741,157.078,155903.0,Doom Culture Two Shell
4H1lx071cGLnZ3Ct8q2mmd,Hangin’ On,Dylan Gossett,4H4M0Y4cN39zIVDHvdW53x,2025-07-18,2025-07-19,0.483,0.818,4.0,-6.5,0.0449,0.00355,5.56e-06,0.0688,0.31,135.105,220651.0,Hangin’ On Dylan Gossett
77yVVQ6nZMCOWB0FGUMOsH,Tearing Away,Beach Vacation,5r5uCVk3IIzm2jdfGDpl8C,2025-07-08,2025-07-19,0.53,0.897,0.0,-8.044,0.0289,0.00342,0.554,0.133,0.886,134.003,170750.0,Tearing Away Beach Vacation
6YggkCJwokciQdyL9Zbx4H,I Can’t Lose,Jonas Brothers,7gOdHgIoIKoe4i9Tta6qdD,2025-07-16,2025-07-19,0.593,0.889,2.0,-3.679,0.122,0.00305,6.59e-06,0.0989,0.377,121.023,183284.0,I Can’t Lose Jonas Brothers
2r4ldXXF5gy4K1MqOaQaOF,Show Us Some Love,Other Lives,3bw0A7x5AgdJsK20ai5iS6,2025-07-16,2025-07-19,0.441,0.832,3.0,-9.131,0.0375,0.00293,0.0283,0.83,0.501,143.986,218227.0,Show Us Some Love Other Lives
2cnNOa2qvoGARAHx9BtVMX,Insane,The Thing,7dQ8sxeaPMgVhWn2R1jd9L,2025-07-09,2025-07-19,0.439,0.937,10.0,-4.483,0.0576,0.00262,0.0431,0.152,0.624,124.536,192554.0,Insane The Thing
5TLLOss6SWxWKvEMr8Sd78,No Lo Volveré Hacer,Niko Rubio,6XdCL1kwMFNqPim2JwXjKa,2025-07-15,2025-07-19,0.564,0.925,10.0,-3.305,0.0942,0.00248,0.0,0.329,0.799,88.654,141055.0,No Lo Volveré Hacer Niko Rubio
2HRvebGMm3FjgRfHweZEr1,New Years Day,Laura Jane Grace,4yfPiAauSgUfyc4k4WtwM9,2025-07-18,2025-07-19,0.462,0.801,6.0,-3.767,0.0353,0.00217,0.0,0.121,0.381,165.843,154324.0,New Years Day Laura Jane Grace
6n8cm6hPcYMYOUtdIjDkSC,more soul,salute,1np8xozf7ATJZDi9JX8Dx5,2025-07-18,2025-07-19,0.773,0.972,11.0,-4.307,0.32,0.00217,0.681,0.0805,0.375,135.005,257425.0,more soul salute
6HjBMeXKFi4KiOVK3TWBwb,Vacant,Pinkshift,3bfSaJqEYosPcdoCN06G3P,2025-07-08,2025-07-19,0.316,0.984,1.0,-2.002,0.134,0.00197,0.0,0.297,0.324,103.963,177547.0,Vacant Pinkshift
1q1Rmoxr3VYqEfpDjcEZCp,CAUSE A SCENE,Reptile B,4f1IbuWYXHRxQMPvD6GFWi,2025-07-17,2025-07-19,0.802,0.818,1.0,-6.096,0.3,0.00191,0.0,0.295,0.684,139.938,222857.0,CAUSE A SCENE Reptile B
4Sj5AtZzbdsXL9AzYFhcsS,boffum,"Saweetie, J White Did It","6cK3NBO6uP7hh0oyuVELFl, 1br9vzrYU1CrtZNYifVAir",2025-07-18,2025-07-19,0.891,0.714,9.0,-5.306,0.0392,0.00185,0.0,0.0918,0.0701,105.232,127862.0,"boffum Saweetie, J White Did It"
15DKXUHhpdc8yVV10UUihM,Hello Kitty,Mae Muller,1BEUkE2CSUgHTLSBMZdnFB,2025-07-18,2025-07-19,0.662,0.888,5.0,-4.024,0.0422,0.00171,0.000548,0.176,0.228,145.103,123141.0,Hello Kitty Mae Muller
2ppTMGPJmFGAB3AI59pGTc,In The Middle,White Lies,6ssXMmc5EOUrauZxirM910,2025-07-16,2025-07-19,0.347,0.956,2.0,-5.866,0.0582,0.00122,0.356,0.204,0.316,134.15,365853.0,In The Middle White Lies
1PhPDcq9AYC1Oq2lo2jmIJ,Wheel,Living Hour,2Ho3J07GaGcCl2ePXnjEia,2025-07-16,2025-07-19,0.486,0.651,7.0,-8.555,0.0336,0.00111,0.0357,0.348,0.35,127.942,147920.0,Wheel Living Hour
35hgaNam8alvYUy7FHBAJl,Harley,Master Peace,4GNHtO2iEJ09r4JNTlqnO9,2025-07-17,2025-07-19,0.634,0.864,8.0,-4.824,0.0627,0.000958,0.0,0.332,0.718,154.956,161173.0,Harley Master Peace
2265leiS8CnXwZWFA0dDfC,Oryzae,Håvard Volden,5qfLwIMPtIom9LXgMoRcw0,2025-07-14,2025-07-19,0.504,0.374,2.0,-17.208,0.0343,0.000939,0.751,0.113,0.0385,113.04,439011.0,Oryzae Håvard Volden
1xsEHo7mtGZLEG94vFX11z,As Alive As You Need Me To Be,Nine Inch Nails,0X380XXQSNBYuleKzav5UO,2025-07-17,2025-07-19,0.603,0.905,4.0,-4.513,0.0418,0.000748,0.0143,0.622,0.205,107.018,233562.0,As Alive As You Need Me To Be Nine Inch Nails
4VFnqeU71TQ9SfCVC0yYpy,Everybody's Song,Robert Plant,1OwarW4LEHnoep20ixRA0y,2025-07-16,2025-07-19,0.226,0.703,4.0,-7.882,0.0487,0.000637,0.108,0.0973,0.483,179.832,256520.0,Everybody's Song Robert Plant
3ug2qqceJmuUOcRPeLuj3M,Missing Kid,Ellur,4uG8VYp1GLQpZVokfG2Ui7,2025-07-16,2025-07-19,0.485,0.965,6.0,-3.264,0.04,0.000541,0.000572,0.348,0.389,155.993,196685.0,Missing Kid Ellur
4vggwi9dH7e9pGFIgKqzQS,The Weather,All Time Low,46gyXjRIvN1NL1eCB8GBxo,2025-07-11,2025-07-19,0.424,0.926,11.0,-3.377,0.113,0.000426,0.0,0.0593,0.665,188.096,171672.0,The Weather All Time Low
36rpTxhdLZ761o2PuEJa6h,Spies,Robbie Williams,2HcwFjNelS49kFbfvMxQYw,2025-07-18,2025-07-19,0.429,0.857,5.0,-2.818,0.0337,0.0004,0.0,0.14,0.229,80.927,204640.0,Spies Robbie Williams
1iJ1TntuIRA5v1y0103Qr9,Moth Becomes The Flame,VOWER,4B27SA6MuuYfEbzz1BObjY,2025-07-15,2025-07-19,0.373,0.961,5.0,-7.122,0.0949,0.000387,0.0,0.0778,0.0759,146.069,360000.0,Moth Becomes The Flame VOWER
1TKRTEOlBI30ftNy1kWQCh,Breathe onto me,Wisp,3TJZG17pjOKXwx1ELKJPfm,2025-07-18,2025-07-19,0.138,0.567,4.0,-8.264,0.0407,0.000361,0.695,0.113,0.0409,173.279,237593.0,Breathe onto me Wisp
718I4enFiPR3KePBrfCCxN,Tunnel Vision,Calva Louise,02nZLQtQ4vL5iHyp6atBrh,2025-07-11,2025-07-19,0.543,0.866,7.0,-4.596,0.105,0.000304,0.000646,0.332,0.417,139.932,175470.0,Tunnel Vision Calva Louise
6x1Q29QWVJLYWZczZzlLLK,Demons in London,Famous,76pvNo3GAo5aeXBZ4jVz0k,2025-07-08,2025-07-19,0.33,0.861,5.0,-5.966,0.0524,0.000293,0.832,0.0959,0.188,166.31,285019.0,Demons in London Famous
6nAxsEyZ0vqBD20pxekiM6,At My Funeral,Spiritual Cramp,6cpzd2aRLmkE06P4lFFMlj,2025-07-17,2025-07-19,0.572,0.994,9.0,-3.086,0.103,0.000272,9.35e-05,0.222,0.526,148.042,152347.0,At My Funeral Spiritual Cramp
03kCjX6Dghqo2YaZkMjxEe,Dangerous Territory,Tropical Gothclub,2xTveN5GIbAP7sHYpUm7W9,2025-07-18,2025-07-19,0.439,0.972,9.0,-4.085,0.0878,0.000209,8.16e-06,0.38,0.485,147.992,190659.0,Dangerous Territory Tropical Gothclub
4gdWFUGosyJpTIpnnwU901,Wanna Play,Georgia,06knYh538h5SI7OAEF8ek3,2025-07-16,2025-07-19,0.681,0.8,0.0,-3.045,0.0613,0.000209,0.0111,0.17,0.883,160.053,172209.0,Wanna Play Georgia
4ImuwbEg8OUemhs7zW4MMg,MEGA SUICIDIO AUDITIVO,"DJ K, DJ Kadu","1YZljq3fZXrlnCe0mMxwKB, 2RQj00ZPm8wXN62JuVGYFZ",2025-07-08,2025-07-19,0.385,0.734,9.0,-7.2,0.0881,0.000203,0.000313,0.105,0.189,129.393,122000.0,"MEGA SUICIDIO AUDITIVO DJ K, DJ Kadu"
1ceYpeqpzPX2ReTFpQWsHO,Chase Money,Richie Culver,3vmoSdAzdzEDNDeP35isWU,2025-07-16,2025-07-19,0.399,0.695,10.0,-6.59,0.0408,0.00013,0.938,0.602,0.0763,138.042,139565.0,Chase Money Richie Culver
0xFDEEdNrcqK6OKPQGsyok,CATCH AND RELEASE,Alice Glass,4ukk0IyB7vL97QirpOcNr3,2025-07-16,2025-07-19,0.493,0.907,2.0,-2.335,0.296,0.00013,1.84e-06,0.418,0.656,138.118,144533.0,CATCH AND RELEASE Alice Glass
0I86FZLWEyXO6lT68gEq1Z,Be Someone,CLOBBER,48YxiC97XwVnDlK995fMJ5,2025-07-08,2025-07-19,0.345,0.989,9.0,-3.139,0.141,0.000102,0.0358,0.312,0.53,137.845,129915.0,Be Someone CLOBBER
786UG6VU5yWgYoSmyMHVdT,IAMWHATIAM,"Tiga, MRD","5l9wiTZVfqQTfMDOt0HtwC, 4bpzygoBaq9IUDs3XAxqpR",2025-07-18,2025-07-19,0.758,0.794,2.0,-7.722,0.0474,7.11e-05,0.653,0.101,0.0401,125.376,262216.0,"IAMWHATIAM Tiga, MRD"
0v4nAgyFbCbkztikjnhtjR,Not Ideal,Mên An Tol,4CFcHsL8xqUWQC4vIZWPOs,2025-07-14,2025-07-19,0.409,0.907,2.0,-4.022,0.0349,3.83e-05,0.00243,0.212,0.63,150.042,186640.0,Not Ideal Mên An Tol
0mNM0k99pox3oMwZQrRYld,Wake Up,Of Mice & Men,4tususHNaR68xdgLstlGBA,2025-07-10,2025-07-19,0.404,0.952,2.0,-4.524,0.103,3.5e-05,0.00223,0.365,0.313,96.092,212750.0,Wake Up Of Mice & Men
4QOVbxtw8NMNHaoEmfg7Lu,Blindsides,Car Bomb,5r1fQsxkiQl0VwUlERnDBP,2025-07-11,2025-07-19,0.279,0.94,1.0,-4.756,0.164,1.98e-05,0.244,0.118,0.147,155.648,297700.0,Blindsides Car Bomb
7gqB5PfGQrXY6ODEnoDn7a,Proper,Autocamper,4A81Q5VArMNNHeERStPXYx,2025-07-11,2025-07-19,0.249,0.864,6.0,-6.223,0.0524,1.26e-05,0.858,0.189,0.771,162.601,194491.0,Proper Autocamper
5EoE0FBnhcJ4rP6kyIkMx1,Throw Yourself to the Sword,Die Spitz,0zfZmpHTu0MlkkNr5KHeXE,2025-07-10,2025-07-19,0.403,0.907,7.0,-5.692,0.0602,4.81e-06,0.69,0.373,0.689,174.002,162672.0,Throw Yourself to the Sword Die Spitz
19D6BVc07OVZpIMdOdq4AN,SPIT,Split Chain,5J0ehnVK9YOBGWOwE022ar,2025-07-11,2025-07-19,0.23,0.983,7.0,-4.282,0.117,1.46e-06,0.986,0.347,0.0957,126.661,148051.0,SPIT Split Chain
7CzZu9zf8nZ96DtZabzVwF,Ston Elaióna,John Also Bennett,763QqRidfZUpg74lK6k9rk,2025-07-25,2025-07-26,0.0716,0.0471,0.0,-22.748,0.0431,0.924,0.871,0.112,0.0387,75.332,271839.0,Ston Elaióna John Also Bennett
0rmV9NKcTQ7YvvDQAOP7oL,Hotel TV,Folk Bitch Trio,26jdbJyBkpr6LivDYvKp2r,2025-07-25,2025-07-26,0.38,0.216,9.0,-13.161,0.0331,0.924,1.91e-05,0.356,0.0769,114.019,277952.0,Hotel TV Folk Bitch Trio
29uDIxqSTN3NVNjmU6w6Dz,No Sudden Changes,Billie Marten,02YLJJnWC7YQVixkjEBRn7,2025-07-18,2025-07-26,0.569,0.188,4.0,-14.663,0.0458,0.917,0.00411,0.101,0.209,112.782,224098.0,No Sudden Changes Billie Marten
7rRXZr2yNxk4HTIIdPfkRe,Gown,"Joanne Robertson, Oliver Coates","4MdQ9btIlh6rzIMA19tu3L, 2jToqK8MU3rtt0DYrgCIXM",2025-07-22,2025-07-26,0.276,0.229,2.0,-14.576,0.0321,0.899,0.939,0.115,0.126,52.409,196000.0,"Gown Joanne Robertson, Oliver Coates"
3uxEnpxnkSVmLCNR3i71Il,Feel Something,Madi Diaz,7E1o9IcnpiFQDlAUk2H7Az,2025-07-21,2025-07-26,0.692,0.326,2.0,-9.633,0.123,0.892,0.000415,0.1,0.225,128.035,200571.0,Feel Something Madi Diaz
2f6E3TKcej2dMFX98fIG9V,midnight magic,Ada Lea,3sE8O47mEFWR6pL0rwnAHy,2025-07-23,2025-07-26,0.607,0.408,9.0,-8.755,0.0301,0.885,1.05e-06,0.0887,0.2,79.988,197593.0,midnight magic Ada Lea
1KU2XPV05MaSqwNb8XUB84,O Calamity,Divorce,0YMVzWF9HWGbV4DZHfCyKo,2025-07-23,2025-07-26,0.422,0.284,10.0,-12.591,0.0453,0.865,0.0438,0.0953,0.354,145.114,144184.0,O Calamity Divorce
7qsWKzLBUsdwDyWwRbPtGU,Axe To Grind,April,4szhr7vkREIJ7DlW49pF5d,2025-07-23,2025-07-26,0.603,0.43,7.0,-11.039,0.029,0.862,0.468,0.0789,0.436,90.998,267319.0,Axe To Grind April
1CZjmxYbeorwFzl4Ls4tnc,Long After Midnight,Flock of Dimes,1TTfuOdEtj8lin2zR4OWmP,2025-07-23,2025-07-26,0.681,0.376,10.0,-9.289,0.0267,0.859,0.0,0.182,0.49,113.976,171213.0,Long After Midnight Flock of Dimes
4en3GI5BIzpgOknQJObXts,Carried Away,Nell Mescal,4jRq9On9S1F6JkTebaZHqE,2025-07-25,2025-07-26,0.661,0.38,7.0,-8.789,0.0337,0.857,1.25e-06,0.115,0.403,117.317,210012.0,Carried Away Nell Mescal
4AUtEJTsSWHLuQnWmNipRq,rescue remedy,RAKEL,5TTXO1acO5ZuuUCsZ0MXJl,2025-07-23,2025-07-26,0.47,0.281,4.0,-14.887,0.0307,0.856,0.53,0.114,0.162,148.299,207488.0,rescue remedy RAKEL
0SmOAbfq80vjtlHyg2cGxU,Truth is a Dimension (Both Invisible and Blinding),Josh Ritter,6igfLpd8s6DBBAuwebRUuo,2025-07-15,2025-07-26,0.552,0.313,2.0,-12.301,0.0647,0.819,0.00204,0.105,0.696,112.414,282997.0,Truth is a Dimension (Both Invisible and Blinding) Josh Ritter
04v4TvKFJGVBLCT3yCH0f5,i was lost,abenezer,09YmAf9waJsz2MFOeDsWNf,2025-07-25,2025-07-26,0.569,0.472,3.0,-11.355,0.297,0.809,0.0,0.328,0.351,134.506,177778.0,i was lost abenezer
1V0rl8HIvcfn1ztxPuYMFc,Have A Baby (With Me),Daniel Caesar,20wkVLutqVOYrc0kxFs7rA,2025-07-25,2025-07-26,0.638,0.337,1.0,-12.408,0.037,0.809,0.0298,0.11,0.458,131.318,225875.0,Have A Baby (With Me) Daniel Caesar
29iva9idM6rFCPUlu7Rhxl,YUKON,Justin Bieber,1uNFoZAHBGtllmzznpCI3s,2025-07-11,2025-07-26,0.446,0.301,7.0,-12.748,0.218,0.802,0.000164,0.105,0.589,80.572,163867.0,YUKON Justin Bieber
78e6hprIgJm3rMWjOmeXbA,LIKE U,Lexie Liu,6fs2or0cKLEM2xohWq8SoX,2025-07-23,2025-07-26,0.613,0.726,1.0,-5.813,0.185,0.792,0.00181,0.195,0.494,174.999,145371.0,LIKE U Lexie Liu
2IEzQiAI8hkL1yUqa1S6su,Is It Worth It (Happy Birthday)?,Cate Le Bon,0LZac5VicY19QLaIUvIB0G,2025-07-22,2025-07-26,0.479,0.512,0.0,-7.47,0.0293,0.782,0.0706,0.125,0.304,117.972,347444.0,Is It Worth It (Happy Birthday)? Cate Le Bon
1ljwXbzXjEB5Sfq6B5x4F7,The Weight Of You (I’m Glad You Died),Caity Baser,7dJCdUO0l0K2WXzrzjYpmC,2025-07-25,2025-07-26,0.453,0.461,3.0,-4.763,0.0266,0.763,0.0,0.316,0.152,91.963,192292.0,The Weight Of You (I’m Glad You Died) Caity Baser
47mNWUCgJoXqVWb3UZytVa,To Be Free,Sam Smith,2wY79sveU1sp5g7SokKOiI,2025-07-24,2025-07-26,0.433,0.161,2.0,-9.748,0.0363,0.76,0.0,0.103,0.164,118.389,255155.0,To Be Free Sam Smith
1jZ3HcOHbu2SsGeY3thHrN,Hard Rain,"Kronos Quartet, Red Hot Org, Allison Russell, Asha Bhosle, Willie Nelson","0M6xcJTswOl2qvExCJhiS3, 7ydpneBAwLegNysaViOxHA, 3JBmecDGXTll46ygrnGTM6, 5as8A4G47Ohu9NSWs3Je8U, 5W5bDNCqJ1jbCgTxDD0Cb3",2025-07-16,2025-07-26,0.221,0.697,7.0,-5.452,0.043,0.757,4.93e-05,0.0998,0.266,179.87,517858.0,"Hard Rain Kronos Quartet, Red Hot Org, Allison Russell, Asha Bhosle, Willie Nelson"
4cYEqG9tV2BbTSPRYII7rQ,Peacemaker,Klash and Brown,3KnilJUUQI2yI4DS6jTN4K,2025-07-11,2025-07-26,0.825,0.554,7.0,-6.84,0.0965,0.718,0.0375,0.06,0.934,91.98,159130.0,Peacemaker Klash and Brown
1SOfwaLUA3vJv2K7o0hFOX,Whim,Far Caspian,0EzsHuJxUDcfqSqvoPhKG4,2025-07-23,2025-07-26,0.678,0.903,8.0,-5.833,0.0313,0.664,0.908,0.0711,0.746,121.677,317660.0,Whim Far Caspian
2X7oDLsSbacbUdXyk4NHdQ,D'amor traficante,Ralphie Choo,5qjnPRE33rMgYAxIjGUrI7,2025-07-18,2025-07-26,0.361,0.386,7.0,-9.481,0.046,0.662,1.26e-06,0.112,0.507,83.859,210372.0,D'amor traficante Ralphie Choo
6nkQrHvWMu0vSse3nQGSPV,midsummer pipe dream,"Guitarricadelafuente, Troye Sivan","0oBiYchunKTMDesVICwrvL, 3WGpXCj9YhhfX11TToZcXP",2025-07-25,2025-07-26,0.642,0.636,1.0,-7.441,0.04,0.627,5.01e-05,0.147,0.674,102.911,156953.0,"midsummer pipe dream Guitarricadelafuente, Troye Sivan"
5oHIdbNS7o1oi8dm26opsj,Twisting (feat. Leon Thomas),"Venna, Leon Thomas","7qKJMpPZfyGHHwPgsjgFCP, 0nnBZ8FXWjG9wZgM2cpfeb",2025-07-23,2025-07-26,0.441,0.664,5.0,-10.857,0.043,0.611,0.367,0.114,0.301,124.403,225613.0,"Twisting (feat. Leon Thomas) Venna, Leon Thomas"
1fDjHyaZnNCPo9QsuFdQVO,COSITA LINDA,"ELENA ROSE, Justin Quiles","0zO8yNnw5GQgutcIyXfGBY, 14zUHaJZo1mnYtn6IBRaRP",2025-07-24,2025-07-26,0.741,0.722,7.0,-4.166,0.151,0.585,0.000102,0.0932,0.713,101.058,139483.0,"COSITA LINDA ELENA ROSE, Justin Quiles"
1byHddBiK9AFm5ZzejY1L6,Push You Forever,Teethe,3K2gErmF9xLdo6dqOj1VbI,2025-07-22,2025-07-26,0.555,0.338,7.0,-10.303,0.0258,0.582,0.502,0.156,0.0842,100.069,290013.0,Push You Forever Teethe
0EfNnjr8T2x7LbC9aANFdd,Begin Here,GOON,4NXLuWrShwLG44Had3qhw5,2025-07-11,2025-07-26,0.342,0.521,6.0,-9.534,0.0413,0.58,0.794,0.281,0.281,163.603,186453.0,Begin Here GOON
4waPZF96vX1Oz5pzH6dB0h,I'll Take Care of You (feat. Yebba),"Tyler, The Creator, Yebba","4V8LLVI7PbaPR0K2TGSxFF, 1ooV8YZC1KbpEcrmI8WH0F",2025-07-21,2025-07-26,0.712,0.831,11.0,-4.113,0.0528,0.565,0.000336,0.109,0.359,133.794,200861.0,"I'll Take Care of You (feat. Yebba) Tyler, The Creator, Yebba"
4nMOT4Bxu0PA7f5Ktawlab,Holy,Mac DeMarco,3Sz7ZnJQBIHsXLUSo0OQtM,2025-07-22,2025-07-26,0.898,0.323,4.0,-14.714,0.0492,0.543,0.277,0.0863,0.655,135.946,144773.0,Holy Mac DeMarco
6yZPdc1jlYnG9QFG8WnrMm,Gold Feet (feat. J.I.D.),"Freddie Gibbs, The Alchemist, JID","0Y4inQK6OespitzD6ijMwb, 0eVyjRhzZKke2KFYTcDkeu, 6U3ybJ9UHNKEdsH7ktGBZ7",2025-07-25,2025-07-26,0.59,0.622,9.0,-10.429,0.28,0.54,1.54e-06,0.118,0.539,157.024,221787.0,"Gold Feet (feat. J.I.D.) Freddie Gibbs, The Alchemist, JID"
4sICp28BtxSI3R6PIzZnrn,Kid,Tanis,1ThOC6pzuPVeESFnEHyqPQ,2025-07-25,2025-07-26,0.664,0.787,11.0,-7.839,0.141,0.536,0.0103,0.0709,0.431,176.012,176252.0,Kid Tanis
0GIiYUP8mNmhUnMNEGXezm,Rock Steady,BVDHI,4TNhxa3GHw0Fi0gBODRdES,2025-07-22,2025-07-26,0.636,0.478,10.0,-12.292,0.0504,0.526,1.55e-05,0.097,0.412,137.046,298601.0,Rock Steady BVDHI
2DewmibGFWxakcxvVyf2Tv,Dream Night,Jamie xx,7A0awCXkE1FtSU8B0qwOJQ,2025-07-21,2025-07-26,0.651,0.678,0.0,-11.632,0.0362,0.519,0.803,0.208,0.238,130.001,267693.0,Dream Night Jamie xx
3WgFhZfyk5nb6v7hkwPmD4,Mommanem,"Tyler, The Creator",4V8LLVI7PbaPR0K2TGSxFF,2025-07-21,2025-07-26,0.656,0.893,8.0,-5.396,0.43,0.505,0.0,0.712,0.592,152.708,75386.0,"Mommanem Tyler, The Creator"
5ZT6xWFUUXSwKmMC0kBZL9,Dumb Girl,Alessi Rose,6QXtidyXX0uGggafrYdktx,2025-07-24,2025-07-26,0.564,0.595,6.0,-5.462,0.0346,0.502,0.0,0.144,0.5,145.062,190434.0,Dumb Girl Alessi Rose
1Ki5PqMFMTKQfjB1uet9pG,You Again,Jonah Kagen,5KsRA81UaMVKvLNiwDySfp,2025-07-25,2025-07-26,0.553,0.641,1.0,-6.432,0.0423,0.482,0.00028,0.103,0.508,120.062,194533.0,You Again Jonah Kagen
10QTMPUcyIZELiETy4IZWO,Road to Nowhere,Rogê,2qLU3VUpp3uV2Oyf786FC3,2025-07-15,2025-07-26,0.574,0.609,2.0,-8.662,0.0449,0.474,0.0142,0.119,0.379,114.648,268400.0,Road to Nowhere Rogê
2eZqr5eoqJjV3RtQhzMEmz,Somewhere in Between,Blood Orange,6LEeAFiJF8OuPx747e1wxR,2025-07-15,2025-07-26,0.645,0.505,10.0,-9.39,0.0357,0.458,0.00364,0.113,0.156,102.707,203729.0,Somewhere in Between Blood Orange
0s4crZCndZuP6aOkiE1cn8,FREE,Weval,12tZvy2xFpWSkuJ3FsfisZ,2025-07-07,2025-07-26,0.612,0.872,0.0,-8.948,0.0415,0.445,0.843,0.0834,0.52,126.98,229689.0,FREE Weval
0mruo27X0hyf51CvH3gPZ0,Maybe I Got It Wrong,Ruti,5vQr71zjhOUi0RPPeQE6bE,2025-07-18,2025-07-26,0.659,0.751,5.0,-6.827,0.0392,0.439,0.0117,0.13,0.718,92.021,221456.0,Maybe I Got It Wrong Ruti
5TjHaIG5KUjNwVuk5beoDQ,Gaol 's Gàire,Mànran,0okPaVyeEjh0VJtfBdNPho,2025-07-11,2025-07-26,0.435,0.785,2.0,-5.988,0.0943,0.439,0.0,0.0998,0.964,167.993,207320.0,Gaol 's Gàire Mànran
2vMEF64AGl8z1rlzLX8QPV,Death of the Party,Dean Johnson,4EIdxKX5DkSd7DQhtmY5DN,2025-07-15,2025-07-26,0.727,0.369,2.0,-11.102,0.0392,0.436,1.02e-05,0.113,0.441,117.253,228200.0,Death of the Party Dean Johnson
3EpMgxSOLZKW6mCCfERXcb,ONE THING,BIA,6veh5zbFpm31XsPdjBgPER,2025-07-25,2025-07-26,0.751,0.0859,7.0,-26.628,0.161,0.402,1.13e-06,0.0818,0.922,87.018,217805.0,ONE THING BIA
26SfhJogAvHRd3sLsPLSmB,my secret,quinnie,4aEuFytRb43SAgjchJDk5e,2025-07-24,2025-07-26,0.68,0.505,6.0,-8.185,0.0429,0.394,0.0,0.0798,0.518,114.986,229995.0,my secret quinnie
0ZXJ1ee9q6rSJNYZlTyZJJ,Take It or Leave It,Alessi Rose,6QXtidyXX0uGggafrYdktx,2025-07-24,2025-07-26,0.607,0.722,6.0,-5.998,0.0466,0.393,0.0,0.0829,0.424,133.925,218575.0,Take It or Leave It Alessi Rose
34O8x4AdwyKJFQdUKue5j5,Ichiro's Theme,Benjamin Gibbard,4CvZd3qzC2HbLxAoAEBRIL,2025-07-25,2025-07-26,0.482,0.716,4.0,-5.925,0.0293,0.393,1.72e-06,0.159,0.801,73.968,186526.0,Ichiro's Theme Benjamin Gibbard
1EZSldxZEuWVL2S9L9cNoH,Beloved,Babeheaven,0RlWCq8bq0lJgR6ZTvcqjQ,2025-07-25,2025-07-26,0.64,0.396,5.0,-8.48,0.0363,0.385,0.482,0.106,0.234,89.959,239253.0,Beloved Babeheaven
2MZeoO5my5Z2opiQHm150R,d£aler,Lola Young,67FB4n52MgexGQIG8s0yUH,2025-07-25,2025-07-26,0.958,0.546,5.0,-7.096,0.0506,0.384,5.51e-05,0.0859,0.877,122.304,160667.0,d£aler Lola Young
70oLoBhpHsNEDVLsMDlheU,Real Thing,Alex G,6lcwlkAjBPSKnFBZjjZFJs,2025-07-18,2025-07-26,0.603,0.421,1.0,-11.914,0.0317,0.382,0.0293,0.269,0.575,89.982,198667.0,Real Thing Alex G
4GkTzQ0fCbLlAvranNaRSY,Love You Like That,The Altons,5AgZ9r9ZdWm7mD9t03KZZu,2025-07-15,2025-07-26,0.592,0.613,8.0,-7.5,0.0477,0.372,0.0367,0.0842,0.636,177.679,158740.0,Love You Like That The Altons
210skmdA7WPT9Cpnhhbiz9,Dive (with Asha Banks),"Holly Humberstone, Asha Banks","0nnYdIpahs41QiZ9MWp5Wx, 2uDFxcjRQnf8mjFwfqieSw",2025-07-25,2025-07-26,0.541,0.418,7.0,-6.555,0.0324,0.369,0.0,0.149,0.168,81.527,239395.0,"Dive (with Asha Banks) Holly Humberstone, Asha Banks"
7k7XglTVyin6oZUf5C82tE,all I could ask for…,demahjiae,0BajT9ZXitGajSuc16Rass,2025-07-13,2025-07-26,0.724,0.496,6.0,-9.363,0.322,0.354,0.00113,0.264,0.464,147.972,113471.0,all I could ask for… demahjiae
4ndO7iYxLEpqQVhoZ6fxrh,Illegal Hit - Edit,"Yttling Jazz, Joshua Idehen, Saturday, Monday","0sHY32geV56IzTbEEomMFG, 3PubLnxnO5N2Avr3UvG1Vc, 4ChtTBF8lU2YYsuoTrquYn",2025-07-15,2025-07-26,0.621,0.662,10.0,-11.514,0.292,0.351,0.516,0.0994,0.422,119.679,202407.0,"Illegal Hit - Edit Yttling Jazz, Joshua Idehen, Saturday, Monday"
6AfXAFKkqmp6EsJWxHXihQ,Spider Ballad,"Kieran Hebden, William Tyler","4HcUiDJk4PN2Ac2b1ZJT3E, 3iexGtoBAyCUbxOKeru5py",2025-07-23,2025-07-26,0.828,0.584,10.0,-16.507,0.115,0.343,0.893,0.101,0.451,146.001,455419.0,"Spider Ballad Kieran Hebden, William Tyler"
5FMyXeZ0reYloRTiCkPprT,Which One (feat. Central Cee),"Drake, Central Cee","3TVXtAsR1Inumwj472S9r4, 5H4yInM5zmHqpKIoMNAx4r",2025-07-25,2025-07-26,0.91,0.498,7.0,-7.172,0.258,0.342,0.000517,0.163,0.501,120.02,169134.0,"Which One (feat. Central Cee) Drake, Central Cee"
0cs5gga1WsNFSAZ6QyZLQw,Butterfly,Sons of Sevilla,72k9crX5FObRHGF7p9e67D,2025-07-09,2025-07-26,0.638,0.682,9.0,-8.315,0.0281,0.341,0.121,0.149,0.679,99.953,176840.0,Butterfly Sons of Sevilla
4BOg2ccj24y4HKF8tbR3Vj,Cartier,El Bogueto,3S9Hg7sRKhmtWunFZ2yAYP,2025-07-21,2025-07-26,0.852,0.467,11.0,-6.221,0.0522,0.317,5.69e-06,0.163,0.814,97.043,163911.0,Cartier El Bogueto
2DbAAE60XTkud3FYwADhQh,Dreaming,"David Morin, Koyla","24kIGBNAXpwruRnnYjfN2p, 4ZPTXiGXai2aHL3625gokV",2025-07-22,2025-07-26,0.714,0.633,1.0,-4.843,0.0789,0.305,3.47e-06,0.308,0.648,100.059,300567.0,"Dreaming David Morin, Koyla"
28g2ptfHl9P6VJrIwPDHKn,Wet Hair,Audrey Hobert,4N0TAwz9vhnQtjCqS65aKS,2025-07-23,2025-07-26,0.742,0.608,0.0,-8.769,0.0286,0.301,0.0,0.111,0.647,139.377,187600.0,Wet Hair Audrey Hobert
6YQqQqf144nqrDo1j9L4VW,Nyash (Shake),Pozer,438fi8qqvXNEPoUrYLIO7J,2025-07-24,2025-07-26,0.784,0.795,1.0,-6.465,0.217,0.295,1.82e-06,0.401,0.562,137.932,154783.0,Nyash (Shake) Pozer
3bZbwMBxNtGdQFVnOCkXIu,Got a New Car,Tyler Ballgame,1pQ0Axx7UF8LDDOqSgdVmK,2025-07-23,2025-07-26,0.538,0.575,0.0,-6.681,0.0282,0.295,0.00671,0.12,0.436,103.072,208562.0,Got a New Car Tyler Ballgame
6Va9lgzBLlMG6UcwuY91A9,The Revolution Will Not Be Televised,"Brian Jackson, Masters At Work, Black Thought","2UXhlYaVdXWvO950p0wwrU, 5Fkj0k7EPUhIsESSIEA9f1, 6DJEUXZm0e2rAohdoZ5Voo",2025-07-11,2025-07-26,0.825,0.69,11.0,-7.744,0.283,0.279,0.0,0.637,0.77,91.063,251088.0,"The Revolution Will Not Be Televised Brian Jackson, Masters At Work, Black Thought"
0y2bHWIl5EONeBI8baM3Kx,Nobody,RIZ,0jqnXN5T2fcibfVJOY1G3N,2025-07-25,2025-07-26,0.639,0.448,2.0,-10.65,0.131,0.275,0.0,0.547,0.396,155.993,162542.0,Nobody RIZ
1nsUHf6IzILt5Vh5UCDVrH,Rain,"Charles Webster, EMAMKAY, Bokang Ramatlapeng","4zMgFVljBxMaPn1U0SXGOh, 3BhUASI2Cb8vaJNUTcEzGv, 4pJUoi3zUenJPBfOGfIQhs",2025-07-11,2025-07-26,0.631,0.509,5.0,-7.705,0.0302,0.274,0.0077,0.137,0.283,93.002,304496.0,"Rain Charles Webster, EMAMKAY, Bokang Ramatlapeng"
6Dl5VTH88DdfbF8VOsxHgx,Dopamine,Fireboy DML,75VKfyoBlkmrJFDqo1o2VY,2025-07-23,2025-07-26,0.78,0.666,1.0,-8.164,0.102,0.256,0.00123,0.109,0.908,168.046,171429.0,Dopamine Fireboy DML
7Jyt9tIVvp3hB0HPFfMA6P,"You Found Me (From the Netflix Series ""Too Much"")","Waxahatchee, Kevin Morby","5IWCU0V9evBlW4gIeGY4zF, 6fxk3UXHTFYET8qCT9WlBF",2025-07-10,2025-07-26,0.57,0.624,3.0,-5.804,0.0328,0.255,0.0,0.127,0.298,140.887,253601.0,"You Found Me (From the Netflix Series ""Too Much"") Waxahatchee, Kevin Morby"
3XQZu5wN0fVWW5SglLjHHV,When The Rain Stops,Nectar Woode,6XwbawUNwNcZ7OXtvMVyKK,2025-07-18,2025-07-26,0.743,0.667,6.0,-7.78,0.0956,0.248,0.000497,0.177,0.573,89.936,185350.0,When The Rain Stops Nectar Woode
1lTqq0aC6r2bXLviQ3oaVt,Ring Ring Ring,"Tyler, The Creator",4V8LLVI7PbaPR0K2TGSxFF,2025-07-21,2025-07-26,0.756,0.718,6.0,-5.867,0.0531,0.246,0.0,0.601,0.69,119.022,201869.0,"Ring Ring Ring Tyler, The Creator"
1N1Phz8aYhJFGTFlHOX3Db,No One,Remy Bond,2voadhFGdduSYHDvsVqyXo,2025-07-25,2025-07-26,0.461,0.857,2.0,-4.59,0.0328,0.24,0.00215,0.0776,0.543,172.005,238914.0,No One Remy Bond
1VphQQ238vWd0vsrDdmlxo,chicken shop date,WHATMORE,2y4kS2ljmS41pNDNA01P2Q,2025-07-25,2025-07-26,0.606,0.702,9.0,-5.243,0.243,0.238,0.0,0.398,0.733,80.62,123500.0,chicken shop date WHATMORE
4WSuaGf6t5hMQg51S7M2MV,Girlie-Pop!,Amaarae,21UPYSRWFKwtqvSAnFnSvS,2025-07-25,2025-07-26,0.779,0.735,1.0,-6.789,0.325,0.235,2.12e-05,0.0654,0.321,140.191,123951.0,Girlie-Pop! Amaarae
20S9YwqCOx5cRRyseQ23Gf,Happier,Remember Monday,3oIj2x6uKeZSe9Bprnt4TX,2025-07-25,2025-07-26,0.501,0.683,7.0,-7.746,0.0748,0.23,0.0,0.139,0.717,76.773,211440.0,Happier Remember Monday
3zpS6M5WsdliAa5DWc03Br,All Time (feat. Tawiah),"Alfa Mist, Tawiah","2i1CPudyCUjL50Wqjv8AMI, 7HRQKKdC8gtmcV3DyCmrAN",2025-07-09,2025-07-26,0.384,0.532,6.0,-9.615,0.0345,0.223,0.0208,0.585,0.235,93.902,228880.0,"All Time (feat. Tawiah) Alfa Mist, Tawiah"
14aI471gbVhilXXhaV5vww,Dogs In Heaven,Silver Gore,5VrSyJDlKqvbpRaRBaA4o2,2025-07-23,2025-07-26,0.621,0.634,0.0,-6.451,0.03,0.209,0.0676,0.262,0.556,119.984,128733.0,Dogs In Heaven Silver Gore
4VBN0zHlArrOq56bxsl609,classic love (kv version),Kurt Vile,5gspAQIAH8nJUrMYgXjCJ2,2025-07-25,2025-07-26,0.797,0.463,11.0,-9.183,0.0354,0.208,0.346,0.108,0.8,95.023,347152.0,classic love (kv version) Kurt Vile
1EuRWZLahHX7xUFvPrSMGE,Shy Girl,Hollie Cook,1fwuUuFbqXJx3B17PUhFCE,2025-07-10,2025-07-26,0.759,0.448,9.0,-9.955,0.0366,0.201,0.000843,0.286,0.889,104.012,192173.0,Shy Girl Hollie Cook
0VwybgDkVXvfQBXgYADECE,1976,Monad,2BgdHAg6H82HVSRiBTW4Oh,2025-07-23,2025-07-26,0.546,0.897,4.0,-5.082,0.0422,0.186,0.287,0.104,0.768,112.974,233032.0,1976 Monad
77QoFtwtVcS9j8r9KecFFY,Miracle,Fig Tape,44kJG3Qy0qN3xmoogcJU2Z,2025-07-11,2025-07-26,0.656,0.853,6.0,-3.876,0.0487,0.183,0.0209,0.0821,0.566,147.033,164733.0,Miracle Fig Tape
4cKkrTYbkWnu96lWNRFcRq,Elegantly Wasted [Feat. Leon Bridges],"Hermanos Gutiérrez, Leon Bridges","73mSg0dykFyhvU96tb5xQV, 3qnGvpP8Yth1AqSBMqON5x",2025-07-17,2025-07-26,0.598,0.783,9.0,-4.377,0.0372,0.182,0.000107,0.122,0.873,136.948,213063.0,"Elegantly Wasted [Feat. Leon Bridges] Hermanos Gutiérrez, Leon Bridges"
1eXIzLz1Rq9d5vYS1KduPb,Nora,Case Oats,5Ml0QbIoj7bneIUJDCoMx8,2025-07-23,2025-07-26,0.591,0.613,0.0,-8.423,0.0528,0.18,8.69e-05,0.123,0.567,142.125,154760.0,Nora Case Oats
21OUVoz2AOPAHGt4UlPAvn,ALL I CAN TAKE,Justin Bieber,1uNFoZAHBGtllmzznpCI3s,2025-07-11,2025-07-26,0.693,0.866,1.0,-5.914,0.0409,0.177,0.00196,0.114,0.854,97.75,247547.0,ALL I CAN TAKE Justin Bieber
1DhjHLctqIkmE8lUUXAMwI,Better If You Make Me,Ryan Davis & the Roadhouse Band,7Ah0xZVyWfAL3Vd7OVvKuo,2025-07-21,2025-07-26,0.404,0.747,5.0,-6.341,0.0446,0.172,0.017,0.112,0.474,126.633,360018.0,Better If You Make Me Ryan Davis & the Roadhouse Band
0KOFU2UqvmcTO8NRKYpUMS,Enough,Jeff Tweedy,2rDxtYUzTAYJJE3Bl3Z5IN,2025-07-15,2025-07-26,0.852,0.837,0.0,-6.059,0.0305,0.167,0.00059,0.0921,0.962,111.945,215080.0,Enough Jeff Tweedy
7onNjLrrHqpFM0G1DshONd,Insomnia,Dance Lessons,52VhFwZRpWWiHCtoBMA6na,2025-07-17,2025-07-26,0.633,0.631,9.0,-5.504,0.0547,0.162,0.000664,0.177,0.621,90.058,242667.0,Insomnia Dance Lessons
0c9BYm7bVZMpLCGUESuL0z,dayr bali - داير بالي,nabeel - نبيل,2utvoANtAeOGBklKqppZIl,2025-07-24,2025-07-26,0.17,0.405,0.0,-7.7,0.0429,0.162,0.907,0.171,0.129,115.143,120500.0,dayr bali - داير بالي nabeel - نبيل
5DRS7YEe1bwGJLDGviT3CD,Don't Tap That Glass / Tweakin',"Tyler, The Creator",4V8LLVI7PbaPR0K2TGSxFF,2025-07-21,2025-07-26,0.537,0.85,2.0,-5.611,0.447,0.151,0.0,0.19,0.51,133.347,222125.0,"Don't Tap That Glass / Tweakin' Tyler, The Creator"
7pP0LdTExBRWPvBRS35xkO,Head Over Heels,Casey MQ,2LCeCCDzbmCOqnV33eB3q8,2025-07-10,2025-07-26,0.528,0.865,1.0,-9.244,0.0865,0.149,0.0532,0.0999,0.36,86.043,232264.0,Head Over Heels Casey MQ
2nTvToMkyC8w9HySV4W7uU,be a bitch,Maren Morris,6WY7D3jk8zTrHtmkqqo5GI,2025-07-25,2025-07-26,0.374,0.608,6.0,-6.461,0.223,0.149,0.0,0.245,0.161,143.343,184407.0,be a bitch Maren Morris
3UGBTPhtj10o7kCwU0x6I7,big time forward,Jim Legxacy,7IrBqZo6diq3hV3GpUhrs2,2025-07-18,2025-07-26,0.735,0.709,11.0,-6.819,0.179,0.138,0.00315,0.107,0.342,123.062,105366.0,big time forward Jim Legxacy
55Xw7I5I01M0Bs4QW1MNR2,BIG MONEY,Jon Batiste,0eRbECAGCLLiTyVXPBRexU,2025-07-11,2025-07-26,0.829,0.681,4.0,-4.987,0.174,0.137,1.64e-06,0.217,0.746,98.759,154174.0,BIG MONEY Jon Batiste
1JT7VVuTh9Y0fWblqyQrcb,Donde Estás Tú - Chong the Nomad Remix,"Terror/Cactus, Chong the Nomad, Pahua","6zDCcrKdLCpKPtgFcD26rq, 586OHhbBhXRpOY8LezbUcK, 4sZh7ibWAOiuDkEStJxHch",2025-07-18,2025-07-26,0.831,0.826,8.0,-8.133,0.0614,0.134,0.538,0.0646,0.477,119.995,285741.0,"Donde Estás Tú - Chong the Nomad Remix Terror/Cactus, Chong the Nomad, Pahua"
0GRTifngZAoEJMMiSbswac,Center of Affection,Wilby,1Y6ECsGp8e5NR3v88UBIPT,2025-07-15,2025-07-26,0.529,0.39,4.0,-6.198,0.0256,0.134,0.000156,0.15,0.264,147.704,222427.0,Center of Affection Wilby
712KzUVmtBeFXgJhbMJY5o,Hecho para ti,"LATIN MAFIA, Omar Apollo","6XTGKOV9jceQ6f67lnhpbF, 5FxD8fkQZ6KcsSYupDVoSO",2025-07-24,2025-07-26,0.582,0.805,4.0,-3.775,0.108,0.13,0.00808,0.349,0.667,95.979,152734.0,"Hecho para ti LATIN MAFIA, Omar Apollo"
6bp3UWuLklGIK8VgkRUKkP,Upside Down Kiss,TOMORROW X TOGETHER,0ghlgldX5Dd6720Q3qFyQB,2025-07-21,2025-07-26,0.889,0.672,2.0,-7.265,0.0568,0.126,1.99e-06,0.0998,0.58,111.961,135331.0,Upside Down Kiss TOMORROW X TOGETHER
704wQhpoPksxucjF2w1dkA,bounce. (feat. Dread MC),"goddard., Mutual, Inja, Dread MC","3yDDYheQFqfhKZXdjFQuuP, 2p9QfYogiem7dvEoiyIQ2N, 4jl7rqDfdaWDHD0RdP7ndM, 2U5JmM5bTJuARrzQYnDAKn",2025-07-25,2025-07-26,0.746,0.968,11.0,-0.874,0.189,0.12,0.0017,0.293,0.561,87.507,167314.0,"bounce. (feat. Dread MC) goddard., Mutual, Inja, Dread MC"
5wpQm69kF87iXgv0OcMSE1,Nobody Cares,Bec Lauder and The Noise,5Wl79QF98JiagVPHNOl8g6,2025-07-11,2025-07-26,0.45,0.835,9.0,-6.57,0.102,0.113,0.00281,0.0929,0.468,152.779,181882.0,Nobody Cares Bec Lauder and The Noise
7fVSxx6LFcAVhBgDbCvV15,White cat,Yves,6AkddQqEu75QRbsCo12zce,2025-07-24,2025-07-26,0.808,0.605,5.0,-2.892,0.0427,0.111,0.0,0.0488,0.595,116.0,202000.0,White cat Yves
40ROAtBj7soL5rbqXQjU4k,Drama,Jordan Adetunji,0jPHHnU8GUWEF7rwPE9osY,2025-07-24,2025-07-26,0.594,0.789,3.0,-1.876,0.0647,0.107,0.0,0.116,0.394,132.179,153637.0,Drama Jordan Adetunji
39NAN04MOSgsU8q3RMNjYs,move it along (feat. Leon Thomas),"Sasha Keable, Leon Thomas","7MxGWmiAbqjNOGmj23wbWf, 0nnBZ8FXWjG9wZgM2cpfeb",2025-07-25,2025-07-26,0.553,0.757,11.0,-3.654,0.122,0.104,0.0,0.113,0.501,117.645,195454.0,"move it along (feat. Leon Thomas) Sasha Keable, Leon Thomas"
740QhlNMaY3mERdoQ7B5M5,Doom Bikini,james K,25BObiRSDCMwVrBGIVaLIf,2025-07-24,2025-07-26,0.442,0.481,0.0,-9.052,0.0293,0.103,0.0483,0.161,0.142,165.907,296831.0,Doom Bikini james K
58MVc0nkNNYdBwiQdpYF8Z,Together We Are,Kokoroko,3u9rbdcmA6CxjxOAkjaeFr,2025-07-11,2025-07-26,0.739,0.469,0.0,-10.292,0.0345,0.101,0.799,0.608,0.715,126.092,220899.0,Together We Are Kokoroko
3puTHIvsDpR4Bs2gM8x6oa,tele9raph hill,hard life,7uwY65fDg3FVJ8MkJ5QuZK,2025-07-18,2025-07-26,0.733,0.822,7.0,-3.957,0.275,0.101,0.0,0.143,0.592,92.083,140720.0,tele9raph hill hard life
67OlGJITLmRSqrFmI90Uc2,Dis Badman,"Sammy Virji, Champion, IRAH","1GuqTQbuixFHD6eBkFwVcb, 3cHya45cxGzLYIPg2LRCCR, 17fY0VRyqRgmqI3dHlE1UU",2025-07-25,2025-07-26,0.888,0.84,1.0,-6.616,0.258,0.0958,6.12e-05,0.342,0.283,131.994,169555.0,"Dis Badman Sammy Virji, Champion, IRAH"
5pGdWJIkt47ovJcBOKHl2S,Sushi and Coca-Cola,St. Paul & The Broken Bones,4fXkvh05wFhuH77MfD4m9o,2025-07-18,2025-07-26,0.911,0.681,7.0,-6.785,0.0451,0.0947,0.0242,0.0579,0.948,95.99,157415.0,Sushi and Coca-Cola St. Paul & The Broken Bones
1IF3hx6HU46Pitm0dOdVJO,Stop Playing With Me,"Tyler, The Creator",4V8LLVI7PbaPR0K2TGSxFF,2025-07-21,2025-07-26,0.77,0.87,1.0,-5.767,0.129,0.094,0.0,0.151,0.289,115.295,133307.0,"Stop Playing With Me Tyler, The Creator"
5pDWXpcASurSR0gnvETBEK,robbery,SOLOMON,4Vw9AVIUyOYmwYYX54uRM4,2025-07-11,2025-07-26,0.82,0.546,5.0,-8.71,0.0467,0.0909,0.00013,0.431,0.762,123.006,158902.0,robbery SOLOMON
2XZDtVBGje3OFEeuUBBAFG,Seventeen,mark william lewis,2r5elgyPQ19vDG3xSQn39k,2025-07-24,2025-07-26,0.643,0.44,2.0,-10.156,0.0308,0.0889,0.181,0.201,0.325,75.043,202173.0,Seventeen mark william lewis
04yGQ4xzVt9LVAqop42ja6,Hot Body,Ayra Starr,3ZpEKRjHaHANcpk10u6Ntq,2025-07-25,2025-07-26,0.534,0.706,1.0,-8.156,0.0739,0.0848,0.0183,0.101,0.311,103.666,160000.0,Hot Body Ayra Starr
0aSVSMCkmecr0Npq8AeZuE,miss sunshine,mgk,6TIYQ3jFPwQSRmorSezPxX,2025-07-25,2025-07-26,0.742,0.741,1.0,-4.316,0.032,0.0842,0.0,0.702,0.505,119.999,203187.0,miss sunshine mgk
3pybGB2MdMdkr8wAqnfrya,The Tempest,Mary Lambert,5Z2NUZiY3FA00HKu5WTMhA,2025-07-07,2025-07-26,0.638,0.557,7.0,-6.026,0.0364,0.0832,1.66e-05,0.15,0.55,135.058,235933.0,The Tempest Mary Lambert
39EnwJiZJ9q3hqcnKaJwlB,Crying in the Night - 2025 Remaster,"Buckingham Nicks, Stevie Nicks, Lindsey Buckingham","2KugL3DwL7NRCN9VLcWXqx, 7crPfGd2k81ekOoSqQKWWz, 3Dzj993UEz8Z5ovxuirzFO",2025-07-23,2025-07-26,0.494,0.392,9.0,-13.138,0.0273,0.0797,0.00055,0.113,0.443,97.372,179015.0,"Crying in the Night - 2025 Remaster Buckingham Nicks, Stevie Nicks, Lindsey Buckingham"
2FQFbdmWJpbSZvSgzpVGsd,Pass The Parcel,"Mount Palomar, Makeshift Art Bar","3MF81jbkfVMeJdxo56JCz6, 64eXjwiYuMUVSpJ3pP6FNH",2025-07-24,2025-07-26,0.58,0.967,6.0,-7.047,0.118,0.0774,0.024,0.136,0.358,135.013,227513.0,"Pass The Parcel Mount Palomar, Makeshift Art Bar"
2WIykpFBlqQ0m7EfAKoev1,Turn Me Up,Mabel,1MIVXf74SZHmTIp4V4paH4,2025-07-25,2025-07-26,0.516,0.71,1.0,-4.872,0.0418,0.0763,2.62e-05,0.104,0.58,139.986,251973.0,Turn Me Up Mabel
3LrAGrfCLRDhQoDxS5Nz3B,Reckless (feat. Denzel Curry),"Hanumankind, Denzel Curry","4nVa6XlBFlIkF6msW57PHp, 6fxyWrfmjcbj5d12gXeiNV",2025-07-25,2025-07-26,0.892,0.79,1.0,-4.998,0.254,0.0744,0.0,0.136,0.598,140.019,152571.0,"Reckless (feat. Denzel Curry) Hanumankind, Denzel Curry"
6LXr3FfdGHQzKZRoKoh7jY,Always,The Forever Presence,2wvlggopcihT3xUIuE13xK,2025-07-24,2025-07-26,0.279,0.349,8.0,-11.274,0.0333,0.0722,0.489,0.105,0.0397,121.081,371329.0,Always The Forever Presence
4e63OHfw9CGC6WLXMvNHWJ,Crush,Indigo De Souza,3ir2pF2mkiEWqyPenKTh5e,2025-07-25,2025-07-26,0.742,0.639,6.0,-6.518,0.0436,0.0693,0.0195,0.105,0.715,128.071,151867.0,Crush Indigo De Souza
4hJQ4YFyYRJ1dLDaPEyyKG,Highway,Shallowater,3BV5N0bOmtkavYFUSHsfMQ,2025-07-22,2025-07-26,0.392,0.261,0.0,-9.659,0.0369,0.0688,0.00385,0.117,0.224,124.815,348093.0,Highway Shallowater
35lMEgdnxPCBd220h7cTFG,Superhero,Stepz,0bFPzYoInpRUHOgTCt1o3P,2025-07-25,2025-07-26,0.816,0.84,6.0,-6.222,0.147,0.0634,0.00143,0.121,0.837,150.022,136489.0,Superhero Stepz
3u0OAJpQhT5YbYjkX0DDOy,wasal - واصل,nabeel - نبيل,2utvoANtAeOGBklKqppZIl,2025-07-24,2025-07-26,0.412,0.776,2.0,-8.197,0.0429,0.0631,0.447,0.463,0.62,119.95,173000.0,wasal - واصل nabeel - نبيل
45mVT3DCE7AATXgESSdfee,Don't You Worry Baby (feat. Madison McFerrin),"Tyler, The Creator, Madison McFerrin","4V8LLVI7PbaPR0K2TGSxFF, 02zPEtdzUWnPToEVLRiQ7e",2025-07-21,2025-07-26,0.665,0.786,6.0,-5.34,0.0526,0.0625,0.0,0.715,0.456,118.641,178135.0,"Don't You Worry Baby (feat. Madison McFerrin) Tyler, The Creator, Madison McFerrin"
6hKJ0seKgmpBLGMhr9gx8y,Head Rush,Gordi,6UBMFaCTZnL1Hr1nTOEblM,2025-07-15,2025-07-26,0.587,0.868,9.0,-10.825,0.0952,0.0567,0.657,0.104,0.474,140.006,187806.0,Head Rush Gordi
6iBleGB0QS5LPnGPJrynUK,F.A.M.I.L.Y.,Murs,2dWF6m2ksP9GN75fufFp16,2025-07-17,2025-07-26,0.77,0.633,4.0,-5.034,0.151,0.0559,1.78e-05,0.117,0.602,96.014,201036.0,F.A.M.I.L.Y. Murs
20UnbY4JAUTbSCf38TKDdz,Play Me,Fcukers,3UtzOHYm3lQALkKzVD4wyO,2025-07-22,2025-07-26,0.733,0.697,11.0,-5.984,0.101,0.0514,0.00831,0.029,0.846,169.94,169412.0,Play Me Fcukers
0AqWEuMIS9ZF26VwlfXW0j,Mountain Top,RIO KOSTA,4xU7M9wEvpnvkNOyPdVi5y,2025-07-18,2025-07-26,0.613,0.623,1.0,-10.108,0.0368,0.0464,0.79,0.511,0.542,98.013,243207.0,Mountain Top RIO KOSTA
6b77gsnwtmE0mY1Xkv3Tyn,Eatin' Big Time,Tyler Childers,13ZEDW6vyBF12HYcZRr4EV,2025-07-25,2025-07-26,0.483,0.882,6.0,-5.267,0.164,0.0463,0.0,0.121,0.65,133.058,285467.0,Eatin' Big Time Tyler Childers
4V6Z6lspE7s6cahWpLFpmm,200,"Mechatok, Tohji","4poYOxVqlpDTelhhiJcSrW, 7j7kL8K4GE1z5Cdxl7ucBF",2025-07-22,2025-07-26,0.715,0.863,6.0,-6.18,0.0469,0.0461,0.446,0.12,0.356,120.04,177015.0,"200 Mechatok, Tohji"
2vyB53UUSya8kQ8uChgZic,I Love This!,PUNCHBAG,4cIkY1R6unpsnIdkLfOTFf,2025-07-24,2025-07-26,0.386,0.941,0.0,-6.015,0.421,0.0426,0.0,0.213,0.324,160.003,170668.0,I Love This! PUNCHBAG
1zt37kKFum6wDVFrtOF4vx,Sugar Sweet (feat. Shenseea & Kehlani),"Mariah Carey, Shenseea, Kehlani","4iHNK0tOyZPYnBU7nGAgpQ, 1OFOShsIbhy1l5x73yuVyB, 0cGUm45nv7Z6M6qdXYQGTX",2025-07-25,2025-07-26,0.722,0.624,5.0,-5.784,0.0865,0.0405,3.33e-05,0.0738,0.621,90.003,219969.0,"Sugar Sweet (feat. Shenseea & Kehlani) Mariah Carey, Shenseea, Kehlani"
5GtX45E7JO3hrC1Ihq5A2T,Blame On You,Alexander Stewart,0znpFLuaey34oJTE1jHSnT,2025-07-25,2025-07-26,0.664,0.689,2.0,-5.638,0.0869,0.0383,0.0,0.0788,0.716,96.049,146000.0,Blame On You Alexander Stewart
6b3WLVKskm3IzT0CkeYcaP,Galen.,"Maja Amcoff, LUK","1rsfJb1udp1uOyUDKbxwsl, 7ejoJb2ZNPOS389QZ3dqBf",2025-07-25,2025-07-26,0.739,0.84,9.0,-6.423,0.0618,0.0364,0.000111,0.0618,0.0537,132.075,193182.0,"Galen. Maja Amcoff, LUK"
5ZcOoawIU0JU1se1prra62,Pick Up That Knife,Wednesday,4j7DrazfBZLLD0OrVoAtEe,2025-07-24,2025-07-26,0.237,0.622,0.0,-6.315,0.0341,0.0354,0.00137,0.126,0.141,155.047,261147.0,Pick Up That Knife Wednesday
6xV7Be6XEvkSnighmh2Tzj,Sugar On My Tongue,"Tyler, The Creator",4V8LLVI7PbaPR0K2TGSxFF,2025-07-21,2025-07-26,0.703,0.501,11.0,-7.037,0.101,0.0327,0.0,0.193,0.463,126.073,153333.0,"Sugar On My Tongue Tyler, The Creator"
4zW6Mm1u9H1V5fxj5WzDbp,1st World Blues,Bright Eyes,5o206eFLx38glA2bb4zqIU,2025-07-22,2025-07-26,0.487,0.798,7.0,-6.042,0.0432,0.0306,0.0164,0.106,0.645,135.804,261267.0,1st World Blues Bright Eyes
4vQEWEr385XsOrCIDE1VPQ,Cheddar Man,Voka Gentle,4VyQOLH3ixMP5lrxhSeqKx,2025-07-23,2025-07-26,0.728,0.786,6.0,-6.495,0.0382,0.0272,0.0113,0.181,0.678,109.958,243194.0,Cheddar Man Voka Gentle
0C0Y3DSMKMUKp5uDtT7qaJ,Go To Hell,"Cheat Codes, CeeLo Green","7DMveApC7UnC2NPfPvlHSU, 5nLYd9ST4Cnwy6NHaCxbj8",2025-07-25,2025-07-26,0.632,0.833,10.0,-5.443,0.11,0.0259,5.08e-06,0.141,0.707,110.02,149455.0,"Go To Hell Cheat Codes, CeeLo Green"
1WZECPZz4TmBbcMQevrP8K,Mirror,For Those I Love,3X4mDEa1fff0zpbBp8wiOZ,2025-07-21,2025-07-26,0.248,0.863,0.0,-6.509,0.112,0.0258,4.07e-05,0.0756,0.504,89.635,240106.0,Mirror For Those I Love
4yyiE9do16Ut8yu7BuosKM,Mannequin Love - Braxe + Falcon Remix,"Justice, The Flints, Alan Braxe, DJ Falcon, Braxe + Falcon","1gR0gsQYfi6joyO1dlp76N, 4yJmzmjRodRbsqgOVpHD1v, 24JRvbKfTcF2x7c2kCCJrW, 7mLoDOOVW8VlPUTii10xH5, 10sZHUBkoiCLucz4bbCEBA",2025-07-16,2025-07-26,0.589,0.569,5.0,-7.648,0.089,0.0253,4.6e-05,0.322,0.426,111.99,195663.0,"Mannequin Love - Braxe + Falcon Remix Justice, The Flints, Alan Braxe, DJ Falcon, Braxe + Falcon"
1myE3bHoWoSO5hyr3MxdHJ,DYNAMITE,"Tyla, Wizkid","3SozjO3Lat463tQICI9LcE, 3tVQdUvClmAT7URs9V3rsp",2025-07-24,2025-07-26,0.639,0.779,0.0,-2.998,0.207,0.0228,0.0,0.0961,0.807,98.36,177012.0,"DYNAMITE Tyla, Wizkid"
6xjSoJxO3149n1cTKuZTcl,Cariad,The Royston Club,5N5jf98OOEf3uAIJpi1deD,2025-07-09,2025-07-26,0.405,0.476,1.0,-6.603,0.0331,0.0225,0.0,0.12,0.125,166.369,255933.0,Cariad The Royston Club
1ScuNlKy6UWOKyeCQpiwVY,Pierced.,Jouska,0uz2Ej3tDwFcK0ujnBcYjn,2025-07-24,2025-07-26,0.688,0.592,5.0,-7.952,0.0408,0.0223,0.723,0.518,0.763,157.979,212673.0,Pierced. Jouska
3IQQ5Wje8dgBnFyGqe1vN6,HELLRAISER,"Che, OsamaSon","5A7T1LAGJg5NXySBoIKUmF, 0uj6QiPsPfK8ywLC7uwBE1",2025-07-18,2025-07-26,0.322,0.965,3.0,-0.633,0.415,0.0218,0.0,0.33,0.48,146.933,182857.0,"HELLRAISER Che, OsamaSon"
3iihfbQH2ARDvnQMja9HNt,"For You, This Eve, the Wolves Will Be Enchantingly Forsaken",Širom,3EkCxQ87nOSWlHyV6Xhx4c,2025-07-09,2025-07-26,0.474,0.684,1.0,-15.255,0.05,0.0216,0.953,0.287,0.0493,108.417,352699.0,"For You, This Eve, the Wolves Will Be Enchantingly Forsaken Širom"
2WXpGxjskJAIDpyDqRQpZ0,EURO-COUNTRY,CMAT,3VBNIRx1LxVdRqOiPgkLwv,2025-07-22,2025-07-26,0.49,0.733,7.0,-5.613,0.0394,0.0192,0.000124,0.0863,0.331,106.903,296680.0,EURO-COUNTRY CMAT
1inJ5Hljjm0o90sqIMn1rl,the devil wears converse,LØLØ,5MjcGshMggPgIHinIUDaX0,2025-07-25,2025-07-26,0.485,0.912,0.0,-3.113,0.0463,0.0192,0.0,0.283,0.631,75.552,159234.0,the devil wears converse LØLØ
07aEbvZALVz1nczN2GO77T,I WANT IT,STAYC,01XYiBYaoMJcNhPokrg0l0,2025-07-23,2025-07-26,0.731,0.92,9.0,-3.896,0.0493,0.0176,0.0,0.131,0.905,129.922,184984.0,I WANT IT STAYC
6FmaQ1FesE0j6Au0Kh9LOb,Joker,Joon Gloom,3ZFdkChwfqb4vtzlBfcQPu,2025-07-23,2025-07-26,0.497,0.925,9.0,-3.655,0.0384,0.0139,0.964,0.343,0.33,126.99,201972.0,Joker Joon Gloom
6MrLkXsMmHaYt680fhJUAq,12 to 12,sombr,4G9NDjRyZFDlJKMRL8hx3S,2025-07-24,2025-07-26,0.656,0.902,11.0,-2.586,0.057,0.0118,5.89e-06,0.0949,0.505,123.981,241567.0,12 to 12 sombr
30fdhSgumaCDBmHikFr8uW,Stay Out Of Place,Idlewild,1xdB9gS1NrKEYgZUEfoqIw,2025-07-08,2025-07-26,0.358,0.745,11.0,-3.854,0.0352,0.0114,0.000789,0.277,0.47,148.081,185608.0,Stay Out Of Place Idlewild
5Lf7Saw3EdPpvfrMkqKIcT,Hangover Heaven,M.O.S.S.,0gutJhmqAMwuUCMVDGigNI,2025-07-11,2025-07-26,0.351,0.506,5.0,-9.574,0.0278,0.0111,5.6e-05,0.173,0.611,99.316,177725.0,Hangover Heaven M.O.S.S.
3icZ3wDL4J31dUFbIqGm7q,Dolce Vita,Sophie Ellis-Bextor,2cBh5lVMg222FFuRU7EfDE,2025-07-25,2025-07-26,0.709,0.762,0.0,-4.374,0.0322,0.0107,6.95e-05,0.311,0.962,119.987,211720.0,Dolce Vita Sophie Ellis-Bextor
1btSva6AIe9FM24cUgalq1,BOYS AIN'T SHIT,INJI,0Z4Ir8usNVcAdCSQl0fQki,2025-07-25,2025-07-26,0.75,0.828,11.0,-5.537,0.0523,0.0102,0.000902,0.668,0.452,132.002,118166.0,BOYS AIN'T SHIT INJI
6tlZIGGXozhQpYyKesjwWL,Back in the Saddle,Luke Combs,718COspgdWOnwOFpJHRZHS,2025-07-25,2025-07-26,0.532,0.879,4.0,-4.475,0.0303,0.00882,0.0,0.409,0.51,91.976,212963.0,Back in the Saddle Luke Combs
1e8DRAVSxGDPd9hgxcppP2,Freak It,Kim Petras,3Xt3RrJMFv5SZkCfUE8C1J,2025-07-25,2025-07-26,0.612,0.935,10.0,-3.76,0.195,0.00869,0.0,0.139,0.485,134.037,185173.0,Freak It Kim Petras
4QdZCHJkZcYGj4RSmvUEhT,Never Know - Ben Gomori's Italo Night At Patrick Miller Remix,"Peter Matson, The Phenomenal Handclap Band, Ben Gomori","1vbN9VUvQzweVI48CXiRWM, 4S8UOAApPhwz9WcVOj13VO, 1ydktdgsUmQG8GEZ25oBrw",2025-07-18,2025-07-26,0.586,0.748,9.0,-5.915,0.0319,0.00786,0.0453,0.365,0.781,123.983,476164.0,"Never Know - Ben Gomori's Italo Night At Patrick Miller Remix Peter Matson, The Phenomenal Handclap Band, Ben Gomori"
2AGU8tpVJVxLZzAXUbZkNc,BEAT DROP,"Jarv Dee, Bad Colours","1sAKNLVFmAmxaurWLdmu1u, 0x3KkCJuve7n51ThZGNAIX",2025-07-11,2025-07-26,0.891,0.598,10.0,-8.657,0.221,0.00785,0.0243,0.0671,0.933,120.027,254000.0,"BEAT DROP Jarv Dee, Bad Colours"
5yC34GklwzKVjFNRgNwDR6,PR,How Much Art,588xSD6VuBMAZf1xqf6qPy,2025-07-23,2025-07-26,0.583,0.956,6.0,-3.901,0.0465,0.00771,0.0,0.105,0.678,135.001,164646.0,PR How Much Art
070mI5fDgAV77ZBrmoAcfs,Give Me Your Love Back,Anna of the North,1mSJCvDX0W7Dn7S9C6vmvI,2025-07-11,2025-07-26,0.728,0.652,8.0,-8.002,0.0298,0.00716,0.355,0.0695,0.941,117.987,176098.0,Give Me Your Love Back Anna of the North
2mQPA3FjEoknJJPBmqMM4c,Automatic,"Zyah Belle, Dende","09q46aTaAsSGoLID49Y6Sx, 0xq4TZno4XwBzkbLnBAhlF",2025-07-16,2025-07-26,0.642,0.902,8.0,-4.475,0.147,0.00676,2.63e-05,0.0915,0.782,135.988,214204.0,"Automatic Zyah Belle, Dende"
4hJLnSDksmEP4Zk9ficdsF,Young Days,Fitz and The Tantrums,4AcHt3JxKy59IX7JNNlZn4,2025-07-25,2025-07-26,0.644,0.82,5.0,-5.076,0.114,0.00654,0.0,0.349,0.603,91.952,193085.0,Young Days Fitz and The Tantrums
2VWR1x9sYw28qu5xSZvhcq,Hey!,HAAi,0pkLgeB9j465x1QB2kRoy4,2025-07-22,2025-07-26,0.73,0.706,5.0,-8.31,0.0658,0.00646,0.723,0.179,0.57,139.018,225540.0,Hey! HAAi
3wqMIKfMGwXyKq4CCjy2ND,Like It’s Part Of The Dance,Barry Can't Swim,0vTVU0KH0CVzijsoKGsTPl,2025-07-11,2025-07-26,0.621,0.682,1.0,-10.638,0.036,0.00616,0.823,0.0971,0.211,126.96,272678.0,Like It’s Part Of The Dance Barry Can't Swim
1JLaRZfbS5ls8i2PcrxTVc,More,Chartreuse,3U58oqsrbpLo0EbARkZrBW,2025-07-23,2025-07-26,0.604,0.825,6.0,-7.153,0.0544,0.00613,0.629,0.327,0.473,149.982,235395.0,More Chartreuse
5Rmo6MeiVDTUXuByFhvbzo,Dissolving,The World Is A Beautiful Place & I Am No Longer Afraid To Die,5bCNJ1ICzdnzK0yoCIP2Ip,2025-07-23,2025-07-26,0.433,0.862,6.0,-5.167,0.0378,0.00491,0.0,0.797,0.0952,103.966,213547.0,Dissolving The World Is A Beautiful Place & I Am No Longer Afraid To Die
0Zj69VgJrUS1s57y2RFNvb,Bodies Hit The Floor,"Sofi Tukker, Drowning Pool","586uxXMyD5ObPuzjtrzO1Q, 1E4r4z7ivGUcSAnCbINJ9v",2025-07-25,2025-07-26,0.814,0.829,10.0,-6.502,0.0393,0.00446,0.0375,0.0645,0.875,130.994,249731.0,"Bodies Hit The Floor Sofi Tukker, Drowning Pool"
30GSVnROqKqRKbsypfxOWx,Rosary,bloodsports,6HqDHzNgjf9fIXCVlQzEGS,2025-07-23,2025-07-26,0.406,0.568,0.0,-6.083,0.0341,0.00442,0.756,0.581,0.0581,139.994,196960.0,Rosary bloodsports
1S7RIzymtUR8vdQTzDbc16,Hopes & Dreams,Shovels & Rope,1M3BVQ36cqPQix8lQNCh4K,2025-07-22,2025-07-26,0.53,0.819,0.0,-8.11,0.0663,0.00438,0.0,0.149,0.492,135.05,158314.0,Hopes & Dreams Shovels & Rope
0dDvtpJ9h3olvu1U9Yfswp,YEA YEA YEA,Sudan Archives,2MPHBxznH1fj59jbOWY38u,2025-07-16,2025-07-26,0.364,0.662,6.0,-7.172,0.0582,0.00438,0.0965,0.467,0.233,76.931,195867.0,YEA YEA YEA Sudan Archives
5f0WavAcLeulrIZf6laItA,Summer of Love,Kai Bosch,6NvsbUgzHkjZK3ZUEWui41,2025-07-25,2025-07-26,0.532,0.761,6.0,-4.595,0.0432,0.00411,0.0,0.222,0.834,125.984,203053.0,Summer of Love Kai Bosch
6IAu19Ylpuu6PRhU0x4wff,Could You Be Loved (with LP Giobbi),"Bob Marley & The Wailers, LP Giobbi","2QsynagSdAqZj3U9HgDzjD, 3oKnyRhYWzNsTiss5n4Z1J",2025-07-11,2025-07-26,0.731,0.864,11.0,-5.701,0.0422,0.00347,0.156,0.152,0.41,123.0,286879.0,"Could You Be Loved (with LP Giobbi) Bob Marley & The Wailers, LP Giobbi"
5LxWuuIk52pla9QASwScYz,Nerds - Justin Martin remix,"Pete Graham, Loudtech, Justin Martin","3TlpBIT0r8xyoSQtphihxX, 2oGd93cmIbD559RjQHpLhr, 4FN8WHqUbwkd97WEjoCu7B",2025-07-11,2025-07-26,0.797,0.826,1.0,-7.26,0.0512,0.00315,0.911,0.0753,0.169,130.008,191077.0,"Nerds - Justin Martin remix Pete Graham, Loudtech, Justin Martin"
1tu4PfHIdn6HjN8BeKyddM,Sort of Like a Dream,"Avalon Emerson, Anunaku, A+A","4yrO1N273PlTaixa4BNwBz, 0dAzvKzbG3tMwFeWkjgHrZ, 68bLkhHI4bzw9ZXfmhwLwN",2025-07-23,2025-07-26,0.709,0.946,1.0,-5.989,0.0461,0.00242,0.891,0.218,0.467,133.03,294242.0,"Sort of Like a Dream Avalon Emerson, Anunaku, A+A"
7u2yyIyLLMGyAuFrAHRbm6,N.O.V.A,Nova Twins,7I95CM75shzCjHuTzrepjM,2025-07-23,2025-07-26,0.667,0.934,11.0,-5.946,0.0382,0.00231,4.83e-06,0.282,0.806,100.006,160960.0,N.O.V.A Nova Twins
5kIRv64ElvSnZgY114lqEW,With You,Jorja Smith,1CoZyIx7UvdxT5c8UkMzHd,2025-07-24,2025-07-26,0.645,0.836,11.0,-6.083,0.08,0.00225,0.00184,0.107,0.378,132.141,201028.0,With You Jorja Smith
1Iw5iLfAwDvS6frI82gMoV,End Of Summer,Tame Impala,5INjqkS1o8h1imAzPqGZBb,2025-07-25,2025-07-26,0.682,0.926,1.0,-5.606,0.0695,0.00211,0.574,0.113,0.431,121.009,434288.0,End Of Summer Tame Impala
7GCI295l4PvM9TmVhlxRWH,Under Your Skin,fakemink,0qc4BFxcwRFZfevTck4fOi,2025-07-09,2025-07-26,0.496,0.574,8.0,-8.669,0.0625,0.00192,0.366,0.26,0.06,87.141,132949.0,Under Your Skin fakemink
3cncYuLfbqiCgjZjUsCRSe,Cardio,Samira,0QmyeiU8zjcckReXT6sjuT,2025-07-23,2025-07-26,0.669,0.613,9.0,-6.171,0.0475,0.00166,0.00211,0.109,0.699,124.02,145161.0,Cardio Samira
3E3UHWv6I1WD2PqBjbeXn7,say something,Royel Otis,5b5bt4mZQpJMoCRbiQ7diH,2025-07-24,2025-07-26,0.513,0.831,0.0,-4.531,0.0474,0.00164,0.00723,0.0639,0.704,180.012,144545.0,say something Royel Otis
1ic3C5UFML9mMEkwqbIuye,What's the Deal?,Hit-Boy,6q3p11nP1p80Ey6LrOOSed,2025-07-24,2025-07-26,0.719,0.529,5.0,-9.471,0.214,0.00163,4.85e-06,0.104,0.0489,92.039,187777.0,What's the Deal? Hit-Boy
5IfmOSflAvXjSTTWQ3EeTO,Beg,SPRINTS,27nD8P491xX8UzG3j01eIY,2025-07-24,2025-07-26,0.456,0.813,2.0,-7.789,0.255,0.00145,0.0,0.321,0.179,79.995,196735.0,Beg SPRINTS
4z03v8DF4bBKv1pGvwPpD1,Some Things,Nevertel,0uTkKGuqdf7CtKlZLt9N0Y,2025-07-16,2025-07-26,0.41,0.648,2.0,-4.04,0.0368,0.00142,0.0,0.304,0.328,173.098,214037.0,Some Things Nevertel
1nyCxSZlwqP4Dj6yu5r24b,What Do We Ever Really Know?,Balu Brigada,6O9vGMmTwzihULICPCsNf2,2025-07-24,2025-07-26,0.592,0.874,11.0,-6.142,0.108,0.00141,0.000692,0.398,0.643,138.05,233000.0,What Do We Ever Really Know? Balu Brigada
61bYK0nLj8xYgkYCihiVP7,The Spider,Zetra,19OKi91yhqwfQqFyROn06f,2025-07-22,2025-07-26,0.485,0.863,10.0,-4.411,0.0481,0.0014,0.00285,0.103,0.407,110.065,197603.0,The Spider Zetra
2uhoiTvEQ7pZEBQMIz8LTn,No Good For People,Jehnny Beth,2WOMBqEsllg2ICn7D2L8ta,2025-07-21,2025-07-26,0.587,0.907,2.0,-5.249,0.103,0.00137,0.0874,0.422,0.457,149.972,152558.0,No Good For People Jehnny Beth
0kqqFUL05VFt3D99tlNPJp,You Know Who the Fuck We Are,Motion City Soundtrack,19zqV9DV3txjMUjHvltl2D,2025-07-21,2025-07-26,0.485,0.979,8.0,-3.71,0.0604,0.00132,0.000489,0.262,0.756,145.994,185171.0,You Know Who the Fuck We Are Motion City Soundtrack
2ugseza2kVz34UFjfGSxJH,Bounce Back,ELESTELA,3hXNsuSBTSi2WwNG3kWRMj,2025-07-18,2025-07-26,0.791,0.634,8.0,-9.133,0.0904,0.00124,0.412,0.203,0.438,120.005,211285.0,Bounce Back ELESTELA
3pgwQNwEqbU12kLNXNDB7Q,gossip,"Confidence Man, JADE","0RwXnFrEoI8tltFvYpJgP6, 24b0qNYNgeOfpP5rbljIB3",2025-07-23,2025-07-26,0.792,0.827,6.0,-5.442,0.0459,0.00114,0.0105,0.27,0.765,132.0,199691.0,"gossip Confidence Man, JADE"
6b1vD6X1nd5p9z2k5kVcFJ,Make It Smooth,Tchailyn,4RgXfHPfT5Z5pIIqL1k7oF,2025-07-11,2025-07-26,0.772,0.914,1.0,-5.943,0.0489,0.000815,0.742,0.0863,0.9,128.0,286875.0,Make It Smooth Tchailyn
4VU2zt6DdkIQFGbLCLFIdX,Rapture in Blue,"Daniel Avery, Cecile Believe","1EULJuDFWpZ9xg4YwtUGGt, 0nZHjqvdLoBy50ZzUH5FNU",2025-07-23,2025-07-26,0.38,0.57,2.0,-9.16,0.0282,0.000695,0.423,0.108,0.252,165.952,253038.0,"Rapture in Blue Daniel Avery, Cecile Believe"
0bZ4ryGQa2tFES9sp90OdM,Desire,Georgia Knight,1l9cB5ft1JeezqPyDJ8JKY,2025-07-16,2025-07-26,0.579,0.638,0.0,-8.152,0.0291,0.000615,0.1,0.12,0.597,96.938,285572.0,Desire Georgia Knight
5NuNQ1eyNPUrdhTwuZ3p3A,Talk About It,Picture Parlour,0lGEUAqbgX8yeEGIWjY9eV,2025-07-21,2025-07-26,0.369,0.988,4.0,-4.46,0.294,0.000554,8.41e-05,0.183,0.229,169.806,191105.0,Talk About It Picture Parlour
6A7xqDyu6zLg9z5EF5W2ZN,Taarsitillugu,"BICEP, Tarrak","73A3bLnfnz5BoQjb4gNCga, 3FTKo3aheAF0aAxbJWyiP8",2025-07-25,2025-07-26,0.601,0.859,10.0,-5.052,0.0436,0.000492,0.758,0.0962,0.436,135.984,327938.0,"Taarsitillugu BICEP, Tarrak"
2hxxdlQlKRsWvjSOB7BoqD,Give Me Back My World,Ash,2evydP72Z45DouM4uMGsIE,2025-07-21,2025-07-26,0.416,0.961,6.0,-2.816,0.0542,0.000478,0.000235,0.272,0.468,131.909,162946.0,Give Me Back My World Ash
3jquMCbEytZmfXJpOU9pzx,madonna,ugly ozo,1AUCiV4sfdNn5Ch5sTe4UI,2025-07-22,2025-07-26,0.256,0.854,0.0,-5.566,0.0592,0.000356,0.121,0.17,0.432,122.405,195372.0,madonna ugly ozo
50Cj9AsKQ0PwlFHcV7cNo3,deadwire,Bodyweb,3huApecbypmvQJVccpEoxj,2025-07-23,2025-07-26,0.336,0.82,7.0,-6.742,0.136,0.00031,0.0848,0.0867,0.33,150.033,274419.0,deadwire Bodyweb
4qM7Iig1Uw8XesVVZr4yt6,Trash TV,Hex Girlfriend,5a4wwtDgBVk5RKDQzWxYbE,2025-07-24,2025-07-26,0.563,0.949,1.0,-5.892,0.0471,0.00024,0.00254,0.0599,0.663,137.015,162725.0,Trash TV Hex Girlfriend
3n3rG8qFRwBgl0N7LzNeem,u and me at home,Wet Leg,2TwOrUcYnAlIiKmVQkkoSZ,2025-07-11,2025-07-26,0.589,0.788,7.0,-5.851,0.0348,0.000235,0.0137,0.0845,0.552,133.973,241723.0,u and me at home Wet Leg
61i6vMgMrE1sM60ScJesXl,FEAR OF HEIGHTS,South Arcade,3vEL65ycUboLH76pgdtqlF,2025-07-11,2025-07-26,0.511,0.97,7.0,-4.227,0.0808,0.000152,0.133,0.372,0.478,138.449,154189.0,FEAR OF HEIGHTS South Arcade
3hQVXjMDZBWhbl0lSTW7IC,hide & seek,The Hunna,7jZycSvTyx0W9poD4PjEIG,2025-07-09,2025-07-26,0.529,0.94,1.0,-5.607,0.0541,0.000128,0.0115,0.34,0.348,142.048,175827.0,hide & seek The Hunna
6Yu7zrXznYyNuzkpcwTuUp,Gnash,Thrice,3NChzMpu9exTlNPiqUQ2DE,2025-07-22,2025-07-26,0.492,0.887,2.0,-4.758,0.0886,0.000127,2.24e-05,0.0712,0.29,64.948,162707.0,Gnash Thrice
4RuFstVJaNw2bJt8NKoe0Q,LINK UP,Jaeychino,1mVk9jJNL0m9WIs0a1BQdS,2025-07-14,2025-07-26,0.577,0.722,10.0,-7.914,0.0492,7.81e-05,1.2e-06,0.54,0.446,139.948,96047.0,LINK UP Jaeychino
6nUskXqES0NwMOzgdZf8u7,Witness The End,"Fit For A King, Chris Motionless","0OgdRTPItr9dw4XYp4JJUx, 2bulKOP1y1iUYGE6FcMrHd",2025-07-18,2025-07-26,0.209,0.979,1.0,-3.263,0.224,5.49e-05,0.000157,0.143,0.0779,196.041,248267.0,"Witness The End Fit For A King, Chris Motionless"
7dvpMd2PhxFzlpyp8Ru308,Louisiana,Alex G,6lcwlkAjBPSKnFBZjjZFJs,2025-07-18,2025-07-26,0.357,0.919,5.0,-5.48,0.045,3.38e-05,0.00012,0.185,0.253,149.933,251587.0,Louisiana Alex G
5yK7FjhMRC2S1d7APaaeSm,Same Old Story,She's In Parties,3A9BLI8S2rNSxXS3QsMkOY,2025-07-21,2025-07-26,0.294,0.819,4.0,-3.285,0.044,2.32e-05,0.00481,0.298,0.352,125.9,225636.0,Same Old Story She's In Parties
7a7Sb9JRZzAabOotJ1e5Ww,Gore Of Being,ERRA,2UoOdQyBGyzrEfxcY77ce0,2025-07-09,2025-07-26,0.487,0.979,9.0,-4.248,0.156,1.98e-05,0.0585,0.385,0.233,135.024,231716.0,Gore Of Being ERRA
7js4zPznt5EgzF4u7b5eUi,Rat Poison,The K's,6DlKk9ibc9dCgvyNPGNXdH,2025-07-23,2025-07-26,0.388,0.917,0.0,-4.426,0.0511,1.46e-05,0.00161,0.129,0.613,92.019,213875.0,Rat Poison The K's
7wyLMQGdZrHcd7YLSfihUP,Rage,SPRINTS,27nD8P491xX8UzG3j01eIY,2025-07-24,2025-07-26,0.511,0.811,4.0,-7.183,0.0467,1.3e-05,0.0418,0.291,0.711,120.127,163668.0,Rage SPRINTS
0JdSqBO6K4aimAi2QBTocH,HEIRLOOM,"Greysight, UnityTX","6hmJprZqS3oYUbbTjNd3Sk, 3uPce3TKw7cjheMNhuhNs9",2025-07-17,2025-07-26,0.228,0.91,0.0,-6.244,0.092,8.96e-06,3.71e-05,0.348,0.382,144.44,151034.0,"HEIRLOOM Greysight, UnityTX"
70vLkgOsfdfzNicsnlZKBO,Welcome To The Other Side,Acapulco Lips,0k2Ypw0hHVRbZ0VVDCF84Y,2025-07-14,2025-07-26,0.249,0.708,6.0,-6.098,0.0403,6.07e-06,0.835,0.27,0.545,135.063,151530.0,Welcome To The Other Side Acapulco Lips
6rgNoXWKUOhw6vU7x9K78t,"Mother, Pray For Me",The Beths,7DjwIxbe8kpw4pqnzAMoin,2025-07-29,2025-08-01,0.346,0.223,7.0,-10.413,0.0383,0.962,0.0,0.138,0.191,73.912,290920.0,"Mother, Pray For Me The Beths"
3xScwoXWtndJkA4h1Nsh1S,Hold the Edges,Kitba,3n8KzsjhAfQXapgZG4N1Ax,2025-07-22,2025-08-01,0.579,0.128,3.0,-19.337,0.0296,0.951,0.0895,0.119,0.106,134.011,213160.0,Hold the Edges Kitba
0d8rPhY14S26jLAz2TM1wh,Pretty Tough,Quiet Man,3iR41vQVaeF8kXhOWjAv3J,2025-07-25,2025-08-01,0.404,0.186,3.0,-12.86,0.0286,0.924,0.0,0.12,0.274,80.44,215000.0,Pretty Tough Quiet Man
13Q4aVvIzi0upZ4MK9CTGo,Teasel,Early Fern,3teaIUAxaPtoX5s6seiZhE,2025-07-23,2025-08-01,0.145,0.17,3.0,-23.242,0.0375,0.903,0.934,0.0875,0.138,85.249,250405.0,Teasel Early Fern
3iuWTzZmdXvej1UHt0iPLi,Under the Water,Nation of Language,5JWBow4ywgKNQ5HBxY8hcz,2025-07-22,2025-08-01,0.652,0.373,11.0,-10.273,0.0365,0.88,0.264,0.103,0.23,125.047,208378.0,Under the Water Nation of Language
4Bv7b6IWBJQ8ylfDh4XKiU,Open Fields,"Felsmann + Tiley, The Kite String Tangle","01OXxPlQj4h9zfK5qjU96P, 3D6cosC5ZOLCpRxt6T3XS7",2025-07-17,2025-08-01,0.575,0.294,11.0,-8.795,0.0256,0.856,0.169,0.096,0.0734,97.966,222880.0,"Open Fields Felsmann + Tiley, The Kite String Tangle"
6ggRoHqKgZqOZHhRFA34gS,White Goose,Anna Tivel,112l2WmZaTlJcl13f4iFAs,2025-07-24,2025-08-01,0.629,0.296,1.0,-12.996,0.132,0.852,0.00149,0.0942,0.325,76.632,241413.0,White Goose Anna Tivel
1f8tVpxHWlJQEVku0as7Fk,Who Made You This Sweet?,NoSo,09Wl9YiRr5l1rChWktQD4o,2025-07-29,2025-08-01,0.483,0.284,3.0,-9.666,0.0378,0.841,0.0,0.116,0.421,78.576,190000.0,Who Made You This Sweet? NoSo
3XLRmrC2HjKOEDy6XPe9Xw,THE WAITING ROOM,Chris While and Julie Matthews,46FDF4eo8OVTF0rEATKmiY,2025-07-28,2025-08-01,0.37,0.364,7.0,-7.718,0.0272,0.832,0.0,0.111,0.274,153.638,220307.0,THE WAITING ROOM Chris While and Julie Matthews
7l5EKwR9F8zr1aO96bjaUQ,Is It Still You In There?,Alex G,6lcwlkAjBPSKnFBZjjZFJs,2025-07-18,2025-08-01,0.327,0.0339,7.0,-17.619,0.0475,0.819,0.0902,0.109,0.111,168.281,171707.0,Is It Still You In There? Alex G
7oSUib73bYc1BcE94LjkSb,The Mountain,feeo,03aiitie1Nvoq2vvHF3kLR,2025-07-30,2025-08-01,0.362,0.128,5.0,-24.348,0.0374,0.802,0.472,0.123,0.0346,59.043,166925.0,The Mountain feeo
3zHbHakOUTrzFWhpKycFbQ,I Hate Everyone,Empara Mi,2nhyc8aipr32vUz8Sd5Gp6,2025-08-01,2025-08-01,0.433,0.468,1.0,-6.396,0.0419,0.79,0.0,0.0953,0.376,139.714,204569.0,I Hate Everyone Empara Mi
6eevqQ72xIbtTkxiVpWeoj,kalila,Tommy Saint,319gCjNoBJc8AaIPkWhCKH,2025-07-31,2025-08-01,0.724,0.663,0.0,-8.603,0.034,0.699,0.0672,0.115,0.335,134.943,199111.0,kalila Tommy Saint
6MRaBOyjqBp1c6fHQW75Ts,Tizita,"Meklit, Brandee Younger","4I5bRwfigd1Fj1ciXo7jQH, 1DT11FntvMnaU47ZZWlTpB",2025-07-22,2025-08-01,0.422,0.479,11.0,-9.38,0.0353,0.677,0.0542,0.0843,0.373,104.849,272899.0,"Tizita Meklit, Brandee Younger"
2C0aRXDheUXBTAjJikotaM,Carnage,The Antlers,5o8Wylae9k23IEJMIiwd8s,2025-07-29,2025-08-01,0.518,0.164,4.0,-8.425,0.0413,0.671,0.118,0.513,0.254,117.11,281214.0,Carnage The Antlers
7HAGAEx4ImB5NtzHzgqqBl,Dandelions,Whitney,32aUoW94mJ7xTJI7fG0V1G,2025-07-16,2025-08-01,0.521,0.634,6.0,-5.29,0.0242,0.657,0.0988,0.155,0.756,176.241,196279.0,Dandelions Whitney
2rLIyWoktQBSNgWI50OsC4,Prayer Hands,"DJ Premier, Roc Marciano","6GEykX11lQqp92UVOQQCC7, 5X0V59ipZnbvnubW0rQVri",2025-08-01,2025-08-01,0.675,0.725,7.0,-4.524,0.26,0.589,0.0,0.202,0.661,87.852,134080.0,"Prayer Hands DJ Premier, Roc Marciano"
6wHpLMmp98aHcV8L1JFrj8,Eternity,Alex Warren,0fTSzq9jAh4c36UVb4V7CB,2025-07-18,2025-08-01,0.62,0.423,7.0,-7.848,0.0403,0.577,0.0,0.122,0.425,137.684,189554.0,Eternity Alex Warren
3o53Nz7ReyvVXSfwOStWQB,CUT KNUCKLES,Knucks,6W4vm8P3JFQboO4cvHeqaa,2025-07-30,2025-08-01,0.809,0.582,8.0,-8.817,0.109,0.574,0.000135,0.106,0.617,129.968,135583.0,CUT KNUCKLES Knucks
6tJQwOhJTw9a6l7C1EEBbP,Heavy Foot,Mon Rovîa,6pvai2QB2c0defVI0UTFos,2025-07-25,2025-08-01,0.677,0.696,11.0,-8.805,0.0367,0.519,1.11e-05,0.085,0.963,149.974,145059.0,Heavy Foot Mon Rovîa
0iP5XYBzD7npVyEIr4AWBH,Over / Reprise,Kokoroko,3u9rbdcmA6CxjxOAkjaeFr,2025-07-11,2025-08-01,0.462,0.331,0.0,-15.642,0.0811,0.515,0.878,0.0795,0.144,144.467,405184.0,Over / Reprise Kokoroko
5WxdR1qBMw71xC4cTMYjYW,I'd Be Lost,Thee Marloes,0rTTgwJUHLQWqQV9sNvcbE,2025-07-16,2025-08-01,0.686,0.644,7.0,-7.002,0.0305,0.488,0.155,0.308,0.861,91.151,167013.0,I'd Be Lost Thee Marloes
2OU8p60G7ChPUGQe3KwIU4,Fool's Gold,Maya Unagi,4Md5tqKXPa3VLkEQj1a2xY,2025-07-28,2025-08-01,0.772,0.433,0.0,-11.215,0.0517,0.474,0.309,0.166,0.499,124.084,159369.0,Fool's Gold Maya Unagi
5m64zBgG0oPrcBSsbjkbli,one thing,strongboi,2ygluM9w0lmulZrMJ1pI0i,2025-07-18,2025-08-01,0.694,0.437,5.0,-10.14,0.0255,0.465,0.000163,0.16,0.683,98.023,283375.0,one thing strongboi
2X5N6zjaZBC1UpEr1ZBhfz,Attack + Release,Cafuné,581C5Qwl87TskfBEzuoisu,2025-07-11,2025-08-01,0.437,0.802,8.0,-6.076,0.0409,0.46,0.127,0.169,0.385,123.918,242657.0,Attack + Release Cafuné
0pwAGmv0r5LeEWaIIAK384,South Of Sanity,Zach Top,4FGPzWzgjURDNT7JQ8pYgH,2025-08-01,2025-08-01,0.599,0.403,5.0,-8.955,0.0272,0.456,0.0,0.196,0.279,135.791,220726.0,South Of Sanity Zach Top
6Lf2UNJfqHgxIZzd8SgRyz,A Sua Diversão,Ana Frango Elétrico,7uvxsk688pwnBNA62cTKS1,2025-07-10,2025-08-01,0.716,0.676,7.0,-13.704,0.0541,0.455,0.634,0.0879,0.767,105.078,221259.0,A Sua Diversão Ana Frango Elétrico
0eO94Nmrknzlhym2Qoh5S9,Tasty (Bad Gurl),"zayALLCAPS, mynameisntjmack, Melvin Knight","2i0QIuHqoui64KdE9xxAbL, 7HY1ISUuRotG01FVu0PKWh, 0DH7tnVM17cEQr5BzA2huf",2025-07-25,2025-08-01,0.664,0.585,1.0,-8.929,0.0917,0.454,2.02e-06,0.164,0.454,147.874,181622.0,"Tasty (Bad Gurl) zayALLCAPS, mynameisntjmack, Melvin Knight"
7q1pnIpmnWs6MlGXMTl4LP,Bien Pedos,"Xavi, Kapo","3Me35AWHCGqW4sZ7bWWJt1, 3UTF2no3muGdiFXVujl94i",2025-08-01,2025-08-01,0.807,0.673,9.0,-4.757,0.138,0.44,2.12e-05,0.0966,0.562,101.011,147458.0,"Bien Pedos Xavi, Kapo"
2SsY5k7UWFqgye3PUMG3Oq,The Subway,Chappell Roan,7GlBOeep6PqTfFi59PTUUN,2025-08-01,2025-08-01,0.31,0.608,10.0,-6.225,0.0328,0.426,0.0,0.186,0.503,166.337,252276.0,The Subway Chappell Roan
06ZX08uRQDK02emdw9mN28,Ensalada (feat. Anderson .Paak),"Freddie Gibbs, The Alchemist, Anderson .Paak","0Y4inQK6OespitzD6ijMwb, 0eVyjRhzZKke2KFYTcDkeu, 3jK9MiCrA42lLAdMGUZpwa",2025-07-25,2025-08-01,0.73,0.702,8.0,-8.943,0.259,0.421,0.00266,0.672,0.467,93.997,226547.0,"Ensalada (feat. Anderson .Paak) Freddie Gibbs, The Alchemist, Anderson .Paak"
3aYhz0jePYH14KmiHEE9J4,Lemon Garland,runo plum,0pouttXEXIHvguV90fhB39,2025-07-17,2025-08-01,0.569,0.853,8.0,-6.419,0.0365,0.42,0.242,0.0692,0.371,120.99,191662.0,Lemon Garland runo plum
7d2ZYEkS74BDxfKk8BrB1X,Used To Know,Lord Huron,6ltzsmQQbmdoHHbLZ4ZN25,2025-07-18,2025-08-01,0.737,0.646,9.0,-6.963,0.0282,0.389,0.52,0.326,0.467,110.968,229454.0,Used To Know Lord Huron
0XI0lIifB3v1q1uHDOMf9C,Quero Voar,"DJ Danifox, DJ Lycox","58qqZsbpx5jsctoHd4qhpL, 6HPUbM6BB61jpGbYOYMQ9C",2025-08-01,2025-08-01,0.677,0.416,3.0,-12.234,0.166,0.367,0.0,0.102,0.348,130.21,264005.0,"Quero Voar DJ Danifox, DJ Lycox"
5UxuOTeyBtpAjAQ8WiQ4HS,I Love People,Cory Hanson,2XG4LWrmKXFA1PqnUsuPj6,2025-07-25,2025-08-01,0.667,0.565,2.0,-6.352,0.0367,0.359,6.27e-06,0.135,0.402,105.719,228568.0,I Love People Cory Hanson
5Me9CVP8sqZvuhtFMOKQoU,Summerinlove,Parcels,3oKRxpszQKUjjaHz388fVA,2025-08-01,2025-08-01,0.8,0.437,11.0,-8.92,0.0416,0.358,3e-05,0.204,0.378,97.172,271047.0,Summerinlove Parcels
2txL3Viy2Dzm8M8ZuqdADU,Hunter-Gatherer,Poesie,3u0oDpQfYr26yLOAGQZEV4,2025-07-25,2025-08-01,0.669,0.484,9.0,-10.074,0.0642,0.35,0.00049,0.15,0.19,119.975,150721.0,Hunter-Gatherer Poesie
1HpRxna6vhK0VfVkCLP4tz,Almost There,Beach for Tiger,1QVfnmiJuStWWhpLM0mt7F,2025-07-31,2025-08-01,0.613,0.521,6.0,-11.48,0.0325,0.346,0.935,0.104,0.409,119.965,183775.0,Almost There Beach for Tiger
4vtIzbuGPJap419X869GDz,Lalala,Grupo Frontera,6XkjpgcEsYab502Vr1bBeW,2025-07-31,2025-08-01,0.767,0.671,9.0,-4.182,0.0507,0.34,0.0,0.125,0.869,138.034,190731.0,Lalala Grupo Frontera
6vxEPL0Z4WD18kcW2uCvQd,Cabin Feva,ENNY,3qEnCAnX23lvoxZYtBiPgL,2025-07-29,2025-08-01,0.751,0.609,9.0,-7.638,0.237,0.336,0.0341,0.133,0.676,152.078,168208.0,Cabin Feva ENNY
1ItaFV8IGkb33gXFI2c5Ps,clue,The Two Lips,0jtiZkDcuWRf647co8id50,2025-08-01,2025-08-01,0.712,0.407,0.0,-9.712,0.0284,0.334,0.00123,0.144,0.496,109.964,219987.0,clue The Two Lips
3Vlfh3GdD6waoqySOlf1SH,Lucky,Small Shake,5FowxzHiruQzizz0o4IMPr,2025-07-22,2025-08-01,0.374,0.605,1.0,-9.992,0.0396,0.33,0.00243,0.112,0.583,140.145,289886.0,Lucky Small Shake
2Syg7oH4lJ2yG2pE7QCcIv,perfectas,Emilia,0AqlFI0tz2DsEoJlKSIiT9,2025-07-31,2025-08-01,0.604,0.586,4.0,-6.342,0.137,0.323,0.0,0.352,0.297,179.803,218121.0,perfectas Emilia
3XaSqO4M7fSLpmqTwyVwEP,Astrolabe,The New Eves,1uxnfBJssIJmSQUiuOB77l,2025-08-01,2025-08-01,0.241,0.288,0.0,-9.619,0.032,0.308,0.000485,0.139,0.16,192.115,205333.0,Astrolabe The New Eves
2Z5fdxRTx3tmg4CccsljqW,A HOPE,Credit Electric,5POatvLAZTsSIV7QYLMDXU,2025-07-18,2025-08-01,0.651,0.813,0.0,-6.125,0.0498,0.301,0.682,0.189,0.778,80.068,153000.0,A HOPE Credit Electric
5DeQBAPTltJreKfwiBJDyh,junior,boylife,6P8DiegQ0Inxj1UF6a9lCb,2025-07-29,2025-08-01,0.422,0.263,6.0,-10.579,0.203,0.301,0.000156,0.101,0.149,85.152,268313.0,junior boylife
3Vr3UuzzJCVSawfAsONGlw,Now I Deliver,Rockers Hi-Fi,3gqHREl6i007S2Fh1bsuS9,2025-07-09,2025-08-01,0.845,0.84,1.0,-6.303,0.12,0.299,0.105,0.124,0.785,90.075,331894.0,Now I Deliver Rockers Hi-Fi
1fdJovNYzsGgh7jv4qBckQ,L.O.V.E.U (feat. hannah bahng),"d4vd, hannah bahng","5y8tKLUfMvliMe8IKamR32, 2oTW5kYNj4eIgp68Z5W4D9",2025-08-01,2025-08-01,0.594,0.513,1.0,-9.579,0.0272,0.292,0.000294,0.0978,0.398,103.067,199924.0,"L.O.V.E.U (feat. hannah bahng) d4vd, hannah bahng"
2HcdmAwTWL2zekEICHENEq,Echoes,ENHYPEN,5t5FqBwTcgKTaWmfEbwQY9,2025-07-27,2025-08-01,0.6,0.697,2.0,-4.573,0.0711,0.277,0.0,0.215,0.472,98.98,186964.0,Echoes ENHYPEN
2Z1LkyvGxdBt6HgOHhXrgp,Everything For The Family,"Jianbo, Hilts","2gSfXIHv6LgFJ94mUrgXft, 2UvkNW59ABnaOlkGXCGxot",2025-07-18,2025-08-01,0.719,0.835,8.0,-5.227,0.105,0.277,0.0,0.119,0.617,105.016,260571.0,"Everything For The Family Jianbo, Hilts"
7CYGLIl5Nmvhniauc7w1X9,Chevron,BETWEEN FRIENDS,2HkSsS8O2U2gPhnCGVN5vn,2025-08-01,2025-08-01,0.492,0.631,6.0,-4.559,0.0363,0.259,2.25e-05,0.474,0.306,144.917,129020.0,Chevron BETWEEN FRIENDS
7BzyzZbWbDGUNvz4f23v9n,Queendom of Sound (I Love Music),Kinzoogianna,2D069JyO8S067PzOr5XtUz,2025-07-29,2025-08-01,0.397,0.579,1.0,-9.354,0.0407,0.256,0.00583,0.15,0.347,90.032,295520.0,Queendom of Sound (I Love Music) Kinzoogianna
5p4alzasecMOd2hFSVEwnT,Dawn (umru & DJH remix),"TAAHLIAH, umru, DJH","2pGARcnqDa3WoicxemVeqU, 2Ub06wAIR1hERODcCkKhzx, 3WgUHWrtChAtmsFqAIgkiF",2025-07-24,2025-08-01,0.343,0.916,5.0,-3.405,0.271,0.252,0.000189,0.394,0.386,89.712,197000.0,"Dawn (umru & DJH remix) TAAHLIAH, umru, DJH"
2TrIdd6RDR1mRTWbW9QHw1,Rain Every Season,"Evidence, The Alchemist","6VfeYClQyVUCPJdXb9jl3O, 0eVyjRhzZKke2KFYTcDkeu",2025-07-23,2025-08-01,0.612,0.776,6.0,-9.245,0.0358,0.246,0.000419,0.175,0.677,81.491,177706.0,"Rain Every Season Evidence, The Alchemist"
0GGzlOymjqX36JgsXMDXLm,Ain't Quite Right (unresolved),Still Blank,55PWse6Vpvyruh3IPtPQ71,2025-07-25,2025-08-01,0.531,0.867,5.0,-8.602,0.0625,0.244,0.522,0.253,0.244,75.025,292883.0,Ain't Quite Right (unresolved) Still Blank
3sNDEnQpr9ZeC05yiC3f9V,BAD POSTURE,Breathing Space,7mqWuWeqwxGQoMZdehD0MG,2025-07-29,2025-08-01,0.587,0.519,5.0,-8.455,0.0486,0.244,0.345,0.149,0.366,132.075,197386.0,BAD POSTURE Breathing Space
5fwkOVS9aU4rHBHuB1ESIX,Inertia,ERNIE,3nXSj676JUEKFxfACHmC9J,2025-07-30,2025-08-01,0.339,0.567,11.0,-8.758,0.035,0.243,0.281,0.113,0.163,117.359,181705.0,Inertia ERNIE
1Dg29EgoDnKx3FXxTz2Adz,Solamente,"Manu Chao, Santa Fe Klan","6wH6iStAh4KIaWfuhf0NYM, 4tm8CEdm4pkQsEh4jIr9Yp",2025-07-11,2025-08-01,0.725,0.851,1.0,-4.133,0.247,0.232,0.0,0.154,0.898,156.082,181000.0,"Solamente Manu Chao, Santa Fe Klan"
0cpMZWmQnyjkoh9BrNgTMb,Buenos Términos,Rauw Alejandro,1mcTU81TzQhprhouKaTkpq,2025-07-31,2025-08-01,0.741,0.643,1.0,-5.265,0.0921,0.228,0.0,0.073,0.756,79.984,150824.0,Buenos Términos Rauw Alejandro
4QwsbaWwtNMN0yZqyvuzaw,Brave St Andrew,The Streets,4GvOygVQquMaPm8oAc0vXi,2025-08-01,2025-08-01,0.412,0.651,10.0,-6.349,0.213,0.223,0.0,0.153,0.217,152.722,229500.0,Brave St Andrew The Streets
7IzfgNB1wErc0yUK8eozvl,Eye Spy,Sarah Levins,41vUggffwqhoHiEowUYDV0,2025-07-11,2025-08-01,0.384,0.455,1.0,-9.181,0.0488,0.221,0.000902,0.0809,0.552,89.212,309042.0,Eye Spy Sarah Levins
72klJmmlwJkI8S03B0pU7J,Under the Sun,Say She She,1WGb8nCPGJA0RyriSDIQfC,2025-07-23,2025-08-01,0.577,0.827,5.0,-5.004,0.0319,0.215,0.0,0.134,0.907,94.739,197974.0,Under the Sun Say She She
2WNsMUsWfrHRvSnJCLoEBf,Break,Anycia,4bOqkIGQCcuZgjfDxNuX1I,2025-07-18,2025-08-01,0.507,0.639,1.0,-6.677,0.243,0.214,0.0,0.0939,0.174,74.354,143640.0,Break Anycia
253kzvmfGV23VwD4MAK2Uu,Eres,"Joss Favela, Alfredo Olivas","0EocQPg9ycs21gcvaVm9hh, 5xYNmNkaWRqu3e5F4UXME8",2025-07-30,2025-08-01,0.61,0.852,7.0,-6.108,0.0607,0.206,0.0,0.221,0.467,156.023,195300.0,"Eres Joss Favela, Alfredo Olivas"
4jXhn6VdZJ9Em2oQoBCRdL,The Easy Part,Gabby Barrett,6Iz3eq2aQGFf7TbGT2iahL,2025-08-01,2025-08-01,0.573,0.682,6.0,-5.064,0.032,0.186,0.0,0.18,0.321,142.072,216133.0,The Easy Part Gabby Barrett
37RNy61lMUr4NoYmSOroHJ,BABY BABY,Nourished by Time,7zNkqI6qRr0OJ4XO1Pw29g,2025-07-29,2025-08-01,0.502,0.78,11.0,-7.57,0.0538,0.176,0.000429,0.344,0.351,153.932,197760.0,BABY BABY Nourished by Time
79aYvOC7g1gyS9i2Jwm3uU,More,George Riley,76rh78p0cww0l4OqgKabLQ,2025-07-31,2025-08-01,0.594,0.845,2.0,-5.192,0.0448,0.17,0.0198,0.246,0.529,154.088,157685.0,More George Riley
2nlAqQhsSNm7V6kbBROQJ6,Chahar,"Oren Ambarchi, Johan Berthling, Andreas Werliin","1fIzM2bmsXG77E5EMPtdKW, 38aUI0eoAJAgRHtcYARlCT, 0n3a0ExvzsfYecn04WFyOn",2025-07-30,2025-08-01,0.652,0.659,7.0,-10.69,0.0865,0.167,0.875,0.103,0.75,115.626,373720.0,"Chahar Oren Ambarchi, Johan Berthling, Andreas Werliin"
1SEyzOqT4QUpzi8QnFafV5,The Daylight,Robin Kester,43FIX6vzpqRHK1VXQmRlKE,2025-07-17,2025-08-01,0.545,0.545,6.0,-8.356,0.032,0.159,0.676,0.07,0.199,103.01,227127.0,The Daylight Robin Kester
2iryktb1yf3VsLIA27FUqK,Ok As I Am,CHINCHILLA,7iNrvS80wnHDGVxw3qNRiI,2025-08-01,2025-08-01,0.707,0.641,8.0,-5.22,0.0468,0.147,0.000156,0.0994,0.143,111.03,237311.0,Ok As I Am CHINCHILLA
3NojiHGbRouNiIazKPITaG,This Right Here,"Ciara, Latto, Jazze Pha","2NdeV5rLm47xAvogXrYhJX, 3MdXrJWsbVzdn6fe5JYkSQ, 1QkusyyiLCVP97x3TADKV9",2025-07-28,2025-08-01,0.926,0.818,11.0,-4.681,0.138,0.147,0.0,0.214,0.814,130.006,189872.0,"This Right Here Ciara, Latto, Jazze Pha"
6aoKNOL481xVNuqeayQjPj,KELEBU,Rema,46pWGuE3dSwY3bMMXGBvVS,2025-08-01,2025-08-01,0.568,0.975,1.0,-1.23,0.158,0.144,0.0,0.146,0.33,73.991,172070.0,KELEBU Rema
0m00au0MMoII2767mu4sj7,All This Time,"Sonny Fodera, Jazzy","39B7ChWwrWDs7zXlsu3MoP, 7zAAwgV5Wqmvpb4GzvlRkP",2025-07-18,2025-08-01,0.431,0.776,5.0,-6.326,0.0437,0.141,3.1e-05,0.0962,0.668,127.942,223898.0,"All This Time Sonny Fodera, Jazzy"
0Jwdlyx20ApHnnzb2UwHGB,Crying In The Bathroom,Luca George,3pg3Sp6CAX6gAt0ppey9dA,2025-08-01,2025-08-01,0.667,0.726,4.0,-5.568,0.03,0.139,0.0,0.28,0.786,126.034,190684.0,Crying In The Bathroom Luca George
0XXTLG5NfNcFHPOJoSTcAb,Different Sorts,"Headie One, 36","6UCQYrcJ6wab6gnQ89OJFh, 7DGmBOT6629EbsQOqINEqJ",2025-07-31,2025-08-01,0.836,0.797,1.0,-4.867,0.244,0.137,0.0,0.146,0.385,151.109,139868.0,"Different Sorts Headie One, 36"
4R7f05XDSyUAXgMNvBZBYu,Wildflower,Gulp,2nIdUgXgPRCLqutms15vxx,2025-07-28,2025-08-01,0.63,0.662,9.0,-9.559,0.0261,0.137,0.124,0.188,0.718,108.974,222713.0,Wildflower Gulp
0L6td4sFXEb94be1Cq9GAJ,Unholy Lover,The Voidz,4nUBBtLtzqZGpdiynTJbYJ,2025-07-30,2025-08-01,0.437,0.652,0.0,-6.004,0.0588,0.135,0.92,0.0849,0.613,123.996,227050.0,Unholy Lover The Voidz
0K0rN4ZN1xJpwEK0METl5t,Seasalt & Teardrops,horsegiirL,0auP293abZeTWwMUi3fZw2,2025-08-01,2025-08-01,0.85,0.717,11.0,-4.875,0.319,0.128,0.0413,0.902,0.365,139.961,178071.0,Seasalt & Teardrops horsegiirL
1WsorPwrFdjCt7toUE4P7i,El Despertador,"Los Ángeles Azules, Manuel Turizo","0ZCO8oVkMj897cKgFH7fRW, 0tmwSHipWxN12fsoLcFU3B",2025-07-31,2025-08-01,0.512,0.652,10.0,-5.972,0.0456,0.121,0.0,0.081,0.419,154.954,171613.0,"El Despertador Los Ángeles Azules, Manuel Turizo"
0kpB9iZJ9eMPQiMU9W6ouD,Glum,Hayley Williams,6Rx1JKzBrSzoKQtmbVmBnM,2025-08-01,2025-08-01,0.565,0.464,10.0,-8.554,0.0265,0.118,8.53e-06,0.0977,0.415,84.967,193132.0,Glum Hayley Williams
3xDnJvoFMxSRmboLsYwPfU,FLY NITË,"Yeat, FKA twigs","3qiHUAX7zY4Qnjx8TNUzVx, 6nB0iY1cjSY1KyhYyuIIKH",2025-08-01,2025-08-01,0.644,0.688,7.0,-5.134,0.133,0.117,0.00106,0.0777,0.335,163.978,228295.0,"FLY NITË Yeat, FKA twigs"
1NfnlTT4fpkaxmhzxWJqCj,Being a Good Girl Hurts,YENA,49muoiIu4uea4PO8vueUNN,2025-07-29,2025-08-01,0.606,0.837,7.0,-3.32,0.0624,0.117,0.0,0.38,0.688,152.991,167013.0,Being a Good Girl Hurts YENA
6Yh1aoi25AWHSug0jbAPHm,Passenger,Sir Chloe,6rniTPs9zN26kYnkPdFl1U,2025-07-31,2025-08-01,0.527,0.729,9.0,-5.477,0.0403,0.108,6.73e-05,0.233,0.105,140.02,191122.0,Passenger Sir Chloe
25ywKtUww26ABFd0tiGt9D,How To Live,Del Water Gap,0xPoVNPnxIIUS1vrxAYV00,2025-07-28,2025-08-01,0.457,0.74,2.0,-4.527,0.0323,0.0964,1.07e-06,0.167,0.401,89.994,240043.0,How To Live Del Water Gap
4X363jPq3db7ODossYt3l7,What About Love,Cian Ducrot,49jTY62Cpw3RYo4dLuG43W,2025-08-01,2025-08-01,0.41,0.664,9.0,-8.176,0.0592,0.0908,0.0,0.1,0.197,145.335,217463.0,What About Love Cian Ducrot
390w3X4ojoRLEcNfbi8IbN,Sans relâche,"Amor Fati, LacopinedeFlipper","5CZJqMdIh46TzLogow6KCw, 14mEAvrXymy6FrIynowzuH",2025-07-18,2025-08-01,0.678,0.774,8.0,-6.791,0.0438,0.0847,0.00176,0.107,0.454,125.032,153600.0,"Sans relâche Amor Fati, LacopinedeFlipper"
0koaXm11b7sizUYJ67ebyn,Mercury,Automatic,3uX1tstdmFJyxW9b5mSNlU,2025-07-22,2025-08-01,0.725,0.729,11.0,-8.537,0.0357,0.0842,0.156,0.111,0.504,127.997,263298.0,Mercury Automatic
4eVZYHkPeFNtem42iniPKL,Nara Black,"Chip Wickham, PEACH.","62MkXCxcZ345tVUHsD9NK0, 5HyiFvRV3bQjLAdOyfTvt6",2025-07-25,2025-08-01,0.397,0.81,5.0,-8.643,0.0474,0.0802,0.73,0.186,0.567,119.835,313480.0,"Nara Black Chip Wickham, PEACH."
2PEWR8KPbDVq7vrOFk1Yti,Bathsheba & Him,Bastille,7EQ0qTo7fWT7DPxmxtSYEc,2025-08-01,2025-08-01,0.246,0.904,4.0,-3.456,0.0732,0.073,0.0,0.317,0.523,94.495,213580.0,Bathsheba & Him Bastille
4iF65xGx3R3WJLAwr2HGrQ,Come Get Dis,Girls Don't Sync,4SluGaQhJuMDsRRMf1PWKT,2025-08-01,2025-08-01,0.692,0.94,11.0,-6.642,0.0998,0.0636,0.0186,0.305,0.398,139.951,145244.0,Come Get Dis Girls Don't Sync
1x949b6yODQ9HSOeedc2Nm,Alberta,DEBBY FRIDAY,5lofelrRCFBwzTF616hSx4,2025-08-01,2025-08-01,0.492,0.535,1.0,-8.998,0.0524,0.0608,0.17,0.11,0.0444,100.003,209455.0,Alberta DEBBY FRIDAY
5WuWhTf8pnIXqBOhqMgKbn,Hot Shot,Magdalene,3UYOQKTtbI8icWKAH8My1c,2025-07-29,2025-08-01,0.701,0.755,0.0,-4.374,0.0298,0.0575,5.62e-05,0.291,0.665,115.008,165131.0,Hot Shot Magdalene
4bd2EBFvXXT2ctyWFA0oau,Easier Said Than Done,Bliss Samsa,5Jb935Bdh5o2pBYzXFSFU6,2025-07-29,2025-08-01,0.567,0.771,11.0,-4.507,0.0545,0.0567,0.0137,0.0977,0.268,154.572,232920.0,Easier Said Than Done Bliss Samsa
0AAik5GZKfDVdXXNzKVTlG,ur luv is see through!,Divine Earth,3Sjvp3uM9DWVg54ZhdfmO3,2025-07-16,2025-08-01,0.746,0.807,7.0,-5.698,0.0445,0.0553,0.156,0.0894,0.979,154.015,163712.0,ur luv is see through! Divine Earth
0LfQP8yZq7O6YsGtiL4g7r,Moneyman,Sex Week,5bcg41eahXhsa30vaMvv0r,2025-08-01,2025-08-01,0.518,0.752,2.0,-5.746,0.0248,0.0539,0.00821,0.125,0.728,82.549,241327.0,Moneyman Sex Week
0mwlZQjUxspUTpAzLwexw7,P.O.V.,"Clipse, Tyler, The Creator, Pusha T, Malice","2J257euzcjnDLipsyJH3F2, 4V8LLVI7PbaPR0K2TGSxFF, 0ONHkAv9pCAFxb0zJwDNTy, 4P4gZvRYiVpvtCkmd37jRM",2025-07-11,2025-08-01,0.636,0.574,10.0,-10.915,0.195,0.0532,0.0,0.123,0.488,156.08,268977.0,"P.O.V. Clipse, Tyler, The Creator, Pusha T, Malice"
2WLaphS5vogH0CZOlHTxdI,MY UNNIES,"kimj, SEBii, The Deep, Effie","2DwWHe8gOHsUzMn1saNYjw, 5fAix5NwfNgHQqYRrHIPxo, 0hYtrPQ05Qu1N5r0QcpoDp, 5PIWabZPdU3YWRMbvD5nQJ",2025-07-28,2025-08-01,0.666,0.79,3.0,-1.535,0.0689,0.0529,4.67e-06,0.099,0.706,137.007,175183.0,"MY UNNIES kimj, SEBii, The Deep, Effie"
0rCHNHRd93LgnFXNrj1cJ3,HOLLOWMAN TING,Frozemode,2BhOQjsvbHRatFkBLkjmu5,2025-08-01,2025-08-01,0.746,0.92,1.0,-2.587,0.194,0.0527,0.000192,0.277,0.678,104.004,188373.0,HOLLOWMAN TING Frozemode
6V9JT0lrRO4fsltzGPcAYu,KOREA,"kimj, Extra Small","2DwWHe8gOHsUzMn1saNYjw, 0Z9lM4V1wdIfthABSwgSuH",2025-07-18,2025-08-01,0.634,0.95,8.0,-0.888,0.236,0.0514,0.0,0.113,0.649,144.252,181667.0,"KOREA kimj, Extra Small"
0o7fAE9dLRLx4kGMh3QFot,Fast,Demi Lovato,6S2OmqARrzebs0tKUEyXyp,2025-08-01,2025-08-01,0.664,0.931,10.0,-6.549,0.0778,0.0512,0.00219,0.103,0.36,126.039,181587.0,Fast Demi Lovato
0i8q9t3zTgRNbwSno0Upn9,Feelin' Fuzzy (毛绒绒的感觉) - T45's Summer in LDN Remix,Chinese American Bear,6WIb9mpc6lyBzAjTeGWvEh,2025-07-09,2025-08-01,0.765,0.587,1.0,-9.996,0.0768,0.05,0.0359,0.0587,0.665,129.024,163180.0,Feelin' Fuzzy (毛绒绒的感觉) - T45's Summer in LDN Remix Chinese American Bear
7MIHld5DMNTidKKHnS61M2,The Feeling Never Went Away,Sam Ryder,1rvnJJghrxl1xakJZct08m,2025-08-01,2025-08-01,0.52,0.707,5.0,-5.574,0.0669,0.0476,2.53e-05,0.359,0.537,132.328,175672.0,The Feeling Never Went Away Sam Ryder
209gemJjT5HBPKA2Pspu8L,Harriet,Chloe Slater,43R8Umt7qVmJCcOZGWJy24,2025-07-29,2025-08-01,0.574,0.547,9.0,-7.907,0.0377,0.0466,4.17e-05,0.103,0.219,123.095,210000.0,Harriet Chloe Slater
6YuY1kF6RCRsl07MuDUyjy,Fading,Ky William,2dIpuJtQApGRmGeUobllYq,2025-07-25,2025-08-01,0.586,0.876,5.0,-5.656,0.0304,0.0415,0.00253,0.0889,0.259,128.0,183002.0,Fading Ky William
3W1kgexqXUKZr38D5lkdN5,Why Can't It Always Be Like This,Charlotte Haining,2XRjIwgD0UiJXtx7Xzfy7w,2025-07-18,2025-08-01,0.489,0.914,8.0,-3.998,0.0468,0.0397,5.43e-05,0.161,0.332,173.742,182419.0,Why Can't It Always Be Like This Charlotte Haining
3okf8YVytf26gWSrBRHvJK,Sophie,Haute & Freddy,66T34XqGkEWbzKWALSBDuR,2025-08-01,2025-08-01,0.571,0.848,4.0,-6.335,0.0395,0.0383,6.97e-06,0.0965,0.573,130.0,193154.0,Sophie Haute & Freddy
2RGaJNGIF8DA3xnClg4Nyz,One Tiny Flower,Jeff Tweedy,2rDxtYUzTAYJJE3Bl3Z5IN,2025-07-15,2025-08-01,0.531,0.529,2.0,-11.364,0.038,0.0377,0.594,0.121,0.325,130.668,380187.0,One Tiny Flower Jeff Tweedy
08SfSz4hA4kmvIaIZ9M6cv,Lazy Magician,"Keaton Henson, Julia Steiner","6GFfu1alUSrL7qazImC160, 2X4sj7JxkEG6vDaGjGxhv1",2025-07-30,2025-08-01,0.616,0.516,4.0,-8.455,0.0285,0.0359,0.00428,0.0759,0.658,163.01,200973.0,"Lazy Magician Keaton Henson, Julia Steiner"
2JWH9ySQqI9nlebrYKFsiI,Doubletake,Edgehill,0lzGqksyREdfUObGjLYLcT,2025-08-01,2025-08-01,0.393,0.664,4.0,-8.283,0.0484,0.0344,1.75e-06,0.821,0.227,146.064,228244.0,Doubletake Edgehill
7nDlkcZV23Bf8WgNplyhUE,supernova,HARU NEMURI,3cn7Ujrlj3rdyuqmOYhBJT,2025-08-01,2025-08-01,0.303,0.776,5.0,-6.827,0.0935,0.032,0.807,0.39,0.407,179.904,184733.0,supernova HARU NEMURI
6LVI2kiDXAwKXDzpbRZf1D,Like I'm Young,Avery Tucker,0A8iBI2YdSqXWUulrstOmY,2025-07-28,2025-08-01,0.388,0.265,6.0,-8.814,0.0364,0.0314,0.000444,0.0789,0.219,129.754,243474.0,Like I'm Young Avery Tucker
6L9NX8OKqy5i3XsqfYPfFq,Papillon Riddim,"Tutu Ta, Feral Is Kinky","4ffIFKLuFaQtjl0A6HA4Gp, 6RntE098osyeJ7t1CzkJW2",2025-08-01,2025-08-01,0.667,0.664,10.0,-11.128,0.0421,0.0308,0.624,0.142,0.366,91.443,234413.0,"Papillon Riddim Tutu Ta, Feral Is Kinky"
3prI01KDvDe7nNLlZ8UF85,"Rabbit Run (From the ""Caught Stealing"" Original Motion Picture Soundtrack)","Caught Stealing Movie, IDLES","7tA53pONjaW3je6N1ugaPo, 75mafsNqNE1WSEVxIKuY5C",2025-07-30,2025-08-01,0.592,0.822,9.0,-6.038,0.0615,0.0306,0.214,0.237,0.471,120.123,226267.0,"Rabbit Run (From the ""Caught Stealing"" Original Motion Picture Soundtrack) Caught Stealing Movie, IDLES"
3E321h5FvMZ5KvI7uDN9Oz,"Taste On My Lips (feat. Portugal. The Man, Meshell Ndegeocello, Sidibe)","Ya Tseen, Portugal. The Man, Meshell Ndegeocello, Sidibe","44MlBczcnULi2g1ECLYSGO, 4kI8Ie27vjvonwaB2ePh8T, 0uZRjholJ0fVC2J9EvnYnj, 5XWrDs9DhuuC96bXWAS6cj",2025-07-25,2025-08-01,0.593,0.882,4.0,-4.657,0.0537,0.0288,4.23e-06,0.119,0.799,120.083,197080.0,"Taste On My Lips (feat. Portugal. The Man, Meshell Ndegeocello, Sidibe) Ya Tseen, Portugal. The Man, Meshell Ndegeocello, Sidibe"
0zAUYAJ6dU82rf0hePMj5c,Starlight,Disciples,5EehXjjMktLuJmbRsM7YfB,2025-07-25,2025-08-01,0.831,0.804,0.0,-4.821,0.066,0.0262,0.00128,0.112,0.615,127.998,158527.0,Starlight Disciples
4XBkny5RwYFxETjyMU8dwE,Know You Naked,LANY,49tQo2QULno7gxHutgccqF,2025-08-01,2025-08-01,0.749,0.768,1.0,-3.318,0.0311,0.0241,0.0,0.163,0.7,102.019,205305.0,Know You Naked LANY
2ir5RP1s9KMC8P6h1eMJsk,Let Him Go,"Denon Reed, Cru2","7uPcIYxrvLRWaL0xQU4TnE, 6uvHjbvYhxT5K481Ph53H1",2025-07-11,2025-08-01,0.696,0.725,8.0,-5.657,0.0444,0.0226,0.0,0.127,0.672,143.048,144596.0,"Let Him Go Denon Reed, Cru2"
6XxJPNJrLzr5ulspbPF9Rq,RED GUITAR,Waterparks,3QaxveoTiMetZCMp1sftiu,2025-07-18,2025-08-01,0.669,0.705,2.0,-2.2,0.165,0.0206,0.0,0.106,0.817,89.987,147692.0,RED GUITAR Waterparks
0XS58SNTPt7cKi6JVQDF7n,Organoid,Dream Nails,49xQzRRO1vI3fmCdbPTwBB,2025-07-30,2025-08-01,0.545,0.912,3.0,-4.915,0.117,0.0197,8e-06,0.132,0.392,157.988,190105.0,Organoid Dream Nails
5K6XD7sW3sq9cpx3R95X5Y,Sinister,AViVA,50tDsT4wwq8FCMJNkn1D67,2025-08-01,2025-08-01,0.691,0.622,9.0,-6.9,0.0368,0.0196,0.0269,0.169,0.341,120.017,154936.0,Sinister AViVA
0YLIjEfl8SAUnFflqly1fG,sunday morning,Henry Moodie,7hr9W3IjXcm3UlLY7guLk5,2025-08-01,2025-08-01,0.66,0.644,10.0,-5.092,0.0334,0.0191,0.0,0.345,0.511,86.01,140086.0,sunday morning Henry Moodie
0LFn0TpLVRG8ctIVz4nY9j,No Way Out,Hunx and His Punx,5xTWck1vHVlTTI0jTQzUuF,2025-07-23,2025-08-01,0.241,0.877,6.0,-4.053,0.0581,0.0174,0.000566,0.247,0.502,164.593,149842.0,No Way Out Hunx and His Punx
5pZ7aZnPA582Y4Eh2t0FCU,MAGNETIC,"Sigma, Julia Church","01pKrlgPJhm5dB4lneYAqS, 4dHGNdVhBxCJUyMk9dR727",2025-08-01,2025-08-01,0.468,0.865,8.0,-2.494,0.0467,0.0173,0.000234,0.261,0.179,174.992,182428.0,"MAGNETIC Sigma, Julia Church"
1aoFQBQrclXuxUTCldGNYh,Fashion,Tom A. Smith,6haZIHZVYI79wKvp6FCFML,2025-07-30,2025-08-01,0.55,0.908,9.0,-4.282,0.0598,0.0166,0.0,0.133,0.739,138.982,173975.0,Fashion Tom A. Smith
4WV4OPBN5YP6KItoxVnOS6,Tony's House,"Captain Planet, Tony Allen","1WfWKF1hFimJLzz6ix6aRi, 6JpZEemWmunccsrHXFUOgi",2025-07-25,2025-08-01,0.754,0.947,7.0,-5.64,0.135,0.0155,0.831,0.0496,0.68,123.961,311823.0,"Tony's House Captain Planet, Tony Allen"
5hy99oQunwUFFrxWKIUorw,RAW,Cruel Sister,3SZEdCibGdV5nwK99zdvs2,2025-07-30,2025-08-01,0.197,0.449,10.0,-10.098,0.0319,0.0148,0.282,0.292,0.0716,110.331,218446.0,RAW Cruel Sister
04W1SP5GMeDdqy98wWTBvV,Tell Me - XL,Factory Floor,6xgNzJAeEB8BTOSzcTO1EI,2025-07-22,2025-08-01,0.691,0.864,11.0,-5.985,0.0499,0.0125,0.847,0.161,0.579,128.04,356555.0,Tell Me - XL Factory Floor
6dGpf7aHHf3FcjBZLNE0wg,Be Right Down,The Telephone Numbers,3xaNA0epeSQTt4ay74JnJ8,2025-07-16,2025-08-01,0.303,0.801,3.0,-3.96,0.0361,0.0121,3.05e-06,0.125,0.858,147.035,236408.0,Be Right Down The Telephone Numbers
6FFPDNr7TgYXwbfaZhTT7S,Laundry,Mindchatter,1He0ZKninbT4FMEV9hUZKn,2025-07-18,2025-08-01,0.806,0.618,2.0,-6.004,0.0451,0.0117,0.461,0.0816,0.392,128.0,288369.0,Laundry Mindchatter
5BV5bjmP9xpH2sIQKOMEzF,im not sleeping,BLACK FONDU,5WunDwdY4e0nWZXHOeFLF1,2025-07-30,2025-08-01,0.157,0.804,7.0,-1.341,0.0622,0.0117,0.0,0.656,0.322,178.101,196782.0,im not sleeping BLACK FONDU
1mgV4OpYXRWjwQKSamgwQx,Angelus,The Berries,3KP3fb4LMgdw2u8xvyQAnH,2025-07-29,2025-08-01,0.471,0.534,8.0,-7.761,0.0241,0.0115,0.303,0.105,0.691,82.529,294839.0,Angelus The Berries
0kvklDSNAkcENUPfEvQNvC,Kiss It Kiss It,Reneé Rapp,2hUYKu1x0UZQXvzCmggvSn,2025-08-01,2025-08-01,0.667,0.778,3.0,-3.701,0.0676,0.0115,0.0,0.0454,0.89,129.959,172320.0,Kiss It Kiss It Reneé Rapp
07vgtbLvGFM4bdJGMVaKkI,FEVEREATEN,Witch Fever,1Zdd7fqk5jtuMUwE7agpS1,2025-07-31,2025-08-01,0.432,0.783,7.0,-5.172,0.0532,0.011,0.664,0.106,0.185,103.997,265429.0,FEVEREATEN Witch Fever
4WabHy46Xmp6O3kLaCP1dp,Wash Over,"What So Not, Daktyl, RIZ LA VIE","4AA8eXtzqh5ykxtafLaPOi, 2YrfEkWJvn1wue6JqekigJ, 0QkgnHpxSCOYdTnhUR9S5k",2025-07-17,2025-08-01,0.5,0.948,2.0,-2.67,0.0661,0.0103,0.902,0.302,0.0329,165.071,187659.0,"Wash Over What So Not, Daktyl, RIZ LA VIE"
5sGGv5YSLW0IujA91KeFHJ,This Side of Paradise,A/S/L,2BX74Qt23X4mO6oAK28KBh,2025-07-18,2025-08-01,0.757,0.832,6.0,-6.695,0.0671,0.0102,0.00281,0.246,0.39,111.965,145714.0,This Side of Paradise A/S/L
0wzHx71gdoviBlRDMLMwkj,Shake Me Down,Master Peace,4GNHtO2iEJ09r4JNTlqnO9,2025-07-31,2025-08-01,0.759,0.87,5.0,-6.512,0.0512,0.00952,0.0444,0.0634,0.945,134.993,216280.0,Shake Me Down Master Peace
3amHyZfCGJlYypjzCZXIgs,Oblivion,Lathe of Heaven,6sU6B7cuctosL0gOhgeBdr,2025-07-29,2025-08-01,0.457,0.882,9.0,-5.569,0.0726,0.00898,0.0409,0.139,0.185,124.003,277787.0,Oblivion Lathe of Heaven
7xAgpLgXL0Hi1q2pW48zNa,Toyota Camry,Radio Free Alice,4cCA6V2DRIDqeYDyGIcEoj,2025-07-30,2025-08-01,0.566,0.839,7.0,-4.641,0.0278,0.00843,0.00691,0.189,0.819,103.967,190728.0,Toyota Camry Radio Free Alice
7o7o0MYvOBmFjt4ISIApHI,Something New,Worthitpurchase,2ks9M1VzYVm9jOOZeQUS7J,2025-07-16,2025-08-01,0.551,0.893,7.0,-7.273,0.034,0.00766,0.397,0.151,0.87,87.974,258053.0,Something New Worthitpurchase
16DbwT7RexA23Q8uVtmjGI,Rap Kingpin,Ghostface Killah,6FD0unjzGQhX3b6eMccMJe,2025-07-31,2025-08-01,0.598,0.89,8.0,-5.053,0.555,0.00721,0.0,0.0783,0.66,176.181,164084.0,Rap Kingpin Ghostface Killah
3tlVTdXcDrxCzEBbdAFBBp,Signals,Sophia Center,7kP2VKTsILqISeGfxADqnL,2025-07-17,2025-08-01,0.563,0.739,8.0,-6.448,0.0272,0.00694,0.00221,0.163,0.451,135.997,224228.0,Signals Sophia Center
2PrUUUaajXyCOZYQAQVdwC,Waste No Time,XngHan&Xoul,4nhoBfffvyboGLLrIsP2lb,2025-07-31,2025-08-01,0.686,0.875,1.0,-3.95,0.188,0.006,0.0,0.0651,0.641,130.091,174000.0,Waste No Time XngHan&Xoul
7kWd8oR4FttOrComtUqpYM,cwtch,crushed,5U7wHWp1AmjN0mzvAfA6YM,2025-07-30,2025-08-01,0.609,0.785,7.0,-7.287,0.0443,0.00538,0.00541,0.74,0.615,109.014,291789.0,cwtch crushed
6EbED5jPQiMpFftw4qJ7UA,What Can I Do,TATYANA,40SwTLJmxQgWXTFi4YUKyP,2025-07-15,2025-08-01,0.843,0.813,8.0,-8.179,0.0814,0.00463,0.261,0.109,0.763,127.977,243915.0,What Can I Do TATYANA
266peyndPb9j5ujKIYNebH,Not That Bad,The Nude Party,5BxtbtwwHXC3HA5kAn06sK,2025-08-01,2025-08-01,0.547,0.71,4.0,-7.302,0.0277,0.0044,0.00457,0.0797,0.867,78.971,261234.0,Not That Bad The Nude Party
6x9Hu7fMjHl3dA9VT2CPvQ,I'm Your Lover (Only),Porij,5Ph4BCHTBnS7CJctvtUDkp,2025-07-30,2025-08-01,0.688,0.671,9.0,-5.315,0.0406,0.00426,0.000714,0.266,0.492,132.046,224035.0,I'm Your Lover (Only) Porij
4EPeUXo9vWGnQHOZRUF2bx,Somewhere Only We Go,Tom Grennan,5SHxzwjek1Pipl1Yk11UHv,2025-08-01,2025-08-01,0.56,0.763,8.0,-4.323,0.0444,0.00377,0.0,0.157,0.541,130.038,179272.0,Somewhere Only We Go Tom Grennan
36PdLYsIdEn45XCnbvJi9E,Die Endlessly,Giant Claw,0sqfDFd4rYzLfEKpIvJTUc,2025-07-24,2025-08-01,0.41,0.785,0.0,-6.504,0.0304,0.00373,0.246,0.126,0.156,122.773,267000.0,Die Endlessly Giant Claw
2S4TKNuAVR0nZDsEwOU7Ff,Lately,Beauty School,46yPZXaKNR5nkEqMzhifG6,2025-07-30,2025-08-01,0.466,0.786,11.0,-5.189,0.0448,0.00361,0.0,0.444,0.372,125.834,231042.0,Lately Beauty School
2c6hHKhtJH7drjcRe6O0jm,armour,artillery corset,4pNWtJ4jKU7c9rl1BkpSXL,2025-07-30,2025-08-01,0.459,0.842,0.0,-4.363,0.216,0.00324,0.00248,0.0971,0.526,145.003,213517.0,armour artillery corset
1lVKKIs57NBOnRc4kNuCoF,Something Real (feat. Psweatpants),"VLURE, Psweatpants","0Ev1tqYsfzq2eF5qqXhkYm, 45qonKMyhaFMPywkQ5DDqR",2025-07-30,2025-08-01,0.509,0.881,2.0,-6.314,0.0344,0.00283,0.00368,0.348,0.149,113.991,203633.0,"Something Real (feat. Psweatpants) VLURE, Psweatpants"
29r1VxeDknGyVfoRa2m1Uu,stripe,Ganser,32ONqBogM4wH7VRbcMZYtE,2025-07-30,2025-08-01,0.629,0.767,6.0,-7.064,0.0288,0.00239,0.621,0.0922,0.871,110.74,163511.0,stripe Ganser
1tALflD6FaMu5fHeIIUHPy,Can't Love Me,"[IVY], A Little Sound","3bXszy3HMRqUhnON4Bpojw, 1Jv2F8VFJsSr2XKte0vpbQ",2025-07-31,2025-08-01,0.469,0.932,11.0,-2.698,0.0809,0.00222,0.0466,0.143,0.197,174.061,187586.0,"Can't Love Me [IVY], A Little Sound"
5A6SU4vLMAJZbkTy7C7xXJ,Corazón,Sofia Kourtesis,7wXTWO45lqpUejDkike0Gf,2025-08-01,2025-08-01,0.654,0.725,6.0,-9.713,0.0343,0.00149,0.392,0.102,0.456,123.061,252929.0,Corazón Sofia Kourtesis
10wJ35whDsMVQ04fhkR5QS,BEAT UP CHANEL$,Slayyyter,4QM5QCHicznALtX885CnZC,2025-08-01,2025-08-01,0.565,0.809,0.0,-4.506,0.1,0.00129,0.0,0.0861,0.406,133.966,198938.0,BEAT UP CHANEL$ Slayyyter
2sWwA2lynn8aJXlf2k5NgS,DON’T LOOK AT ME LIKE THAT,Blusher,7AZm56bjPk0tYl6LTyJu9N,2025-07-31,2025-08-01,0.649,0.598,5.0,-6.148,0.0524,0.00113,0.000332,0.186,0.368,130.026,163796.0,DON’T LOOK AT ME LIKE THAT Blusher
3Su0zgq7L4dIy1GnDwXfKa,Love Is Still The Answer,"Soothsayers, Julia Biel","4iJspDSUsyFWGNada2wdVx, 0yVDB69ZMFp6w9iSKXz4J9",2025-07-11,2025-08-01,0.697,0.672,10.0,-10.022,0.0476,0.00103,0.207,0.248,0.399,99.044,296241.0,"Love Is Still The Answer Soothsayers, Julia Biel"
12riVj1r9ZJaSv7y53ALaN,Dancing With The Europeans,Suede,6PHIK3kjWggLtVygsOtpqS,2025-07-28,2025-08-01,0.487,0.944,6.0,-3.897,0.0412,0.000999,0.0224,0.0605,0.594,128.079,225000.0,Dancing With The Europeans Suede
2ZBnLZv3Z37ahECNROx9ZN,Soldier,Lelo,6RcgNRwyY9YNTXd9luk8JW,2025-07-22,2025-08-01,0.563,0.51,1.0,-13.05,0.364,0.000911,0.0,0.339,0.457,156.26,138459.0,Soldier Lelo
2N6md2JtrNake4sJ14KJ72,Shy,Reneé Rapp,2hUYKu1x0UZQXvzCmggvSn,2025-08-01,2025-08-01,0.466,0.73,7.0,-5.329,0.0656,0.000859,1.04e-05,0.217,0.533,178.122,192261.0,Shy Reneé Rapp
3eIhHWOMaTAPvJ6azg0b2L,Tambourine,The Dare,2mqiqsaX4LzFnUP7PmHGAb,2025-08-01,2025-08-01,0.791,0.835,7.0,-6.064,0.0531,0.000733,0.903,0.0689,0.277,130.009,209470.0,Tambourine The Dare
1jioilGF5JfDHJSJQ0T2MS,Smile,Bleary Eyed,0JTGTWQ2CBQlQtAHb8zMWS,2025-07-25,2025-08-01,0.347,0.99,5.0,-4.299,0.124,0.000615,0.752,0.361,0.168,138.071,189035.0,Smile Bleary Eyed
4WNxeqW1sZYGtWRyL1xwCl,6' Pole,"Safe Mind, Augustus Muller, LUCY (Cooper B. Handy)","4adzRTzhsBKFneEkLp2sts, 6dCwK4owIEfNc1IIK3tlOk, 16j0wVUk9UOoYEDknfb9rK",2025-07-25,2025-08-01,0.773,0.977,3.0,-4.855,0.0321,0.00061,0.579,0.0837,0.966,127.999,233600.0,"6' Pole Safe Mind, Augustus Muller, LUCY (Cooper B. Handy)"
0SeD4THY07sQol35wSOmcj,WHAT IS FOREVER FOR,Frost Children,6R1kfr0GIWnwxY4zW11Vag,2025-07-30,2025-08-01,0.479,0.794,7.0,-4.859,0.1,0.000529,7.61e-05,0.0819,0.186,120.104,184068.0,WHAT IS FOREVER FOR Frost Children
62j2njaZrT6D7hJQPw9HGW,WE DONT COUNT,"Yves Tumor, NINA","0qu422H5MOoQxGjd4IzHbS, 53O83dY0rBGmnM4gV7Sqyr",2025-07-29,2025-08-01,0.684,0.875,4.0,-4.672,0.0314,0.000508,0.000276,0.164,0.569,126.976,170541.0,"WE DONT COUNT Yves Tumor, NINA"
4LJongQE1uZKP5GOJ1nFDw,Schadenfreude,Baxter Dury,0EgHhNmWcjusA7F2heSD0O,2025-07-29,2025-08-01,0.681,0.794,11.0,-6.152,0.0663,0.000446,0.684,0.376,0.328,122.026,210727.0,Schadenfreude Baxter Dury
4oFOJQH3vnNqWreVYQPs8b,Trap Ain't Dead,Montana 700,0KpToBdtK9KP6TZPFK2zbw,2025-08-01,2025-08-01,0.816,0.826,1.0,-6.17,0.179,0.000444,0.0,0.28,0.326,112.003,103573.0,Trap Ain't Dead Montana 700
73CbVY3UiAqElmJ47sJp1z,Get Over Yourself,Rosellas,3TUs2HFbbIXkbmH8Sb0SMm,2025-07-11,2025-08-01,0.41,0.866,5.0,-6.455,0.04,0.000317,4.98e-05,0.127,0.524,154.953,173855.0,Get Over Yourself Rosellas
00FPHiKX0CAJ767v58xmhO,Pray To That,Fat Dog,4DLjEphXbW7qIhX4iwmNEe,2025-07-28,2025-08-01,0.462,0.913,11.0,-3.3,0.108,0.000224,1.39e-06,0.326,0.456,170.062,186728.0,Pray To That Fat Dog
2V4Y1NZ4gdCrnS8QS52Ood,Sarah Tonin,Sikarus,1EGaclq1TsR1rWuoAgOoa8,2025-08-01,2025-08-01,0.564,0.906,9.0,-4.586,0.0542,0.000157,0.00342,0.0907,0.294,123.063,232900.0,Sarah Tonin Sikarus
2YSfa9vWfcKyz8VTexRThM,Serpentine,Wisp,3TJZG17pjOKXwx1ELKJPfm,2025-08-01,2025-08-01,0.468,0.839,9.0,-7.296,0.0409,0.000156,0.76,0.35,0.103,89.908,183987.0,Serpentine Wisp
1rjNcRFwghUKoZA5wn61Uu,Life,Dutch Mustard,6QGi06qu6deTJRLZO2YrlP,2025-07-29,2025-08-01,0.448,0.86,9.0,-4.657,0.0813,0.000141,0.00104,0.0598,0.572,85.033,156669.0,Life Dutch Mustard
6crhRTyzHvzxB6Tjr09LbR,Mirtazapine,Hayley Williams,6Rx1JKzBrSzoKQtmbVmBnM,2025-08-01,2025-08-01,0.498,0.806,7.0,-5.643,0.0402,9.61e-05,2.21e-06,0.304,0.387,125.075,204336.0,Mirtazapine Hayley Williams
4xFzR2MeVFx1GjfaEi4AWD,Over and Over,Vona Vella,5zla1VPlCJ3xUZikqyspIe,2025-07-09,2025-08-01,0.531,0.742,8.0,-5.963,0.0341,6.81e-05,0.0715,0.0592,0.689,131.967,237482.0,Over and Over Vona Vella
5gbDQKLk9H41rUXTdQVmxX,Limelight,Ondo Fudd,7IZChv6fjGqS8iNv9cRciz,2025-07-29,2025-08-01,0.586,0.754,10.0,-7.275,0.0444,4.59e-05,0.823,0.0686,0.491,132.953,411710.0,Limelight Ondo Fudd
4zRk1HNjJ904Y3P4Boe5EU,Push Tuck,SLEAZE,265MazCHotxl7eK8nkaZZ6,2025-07-08,2025-08-01,0.489,0.877,9.0,-6.401,0.0349,2.89e-05,0.487,0.664,0.529,127.996,206307.0,Push Tuck SLEAZE
11T2QXI2x5pD4CU6TxBaFn,Jetpack,Fleshwater,6P5ccCJCe8A4s9tDSTNFzF,2025-07-29,2025-08-01,0.302,0.983,0.0,-3.107,0.0753,2.11e-05,0.000215,0.337,0.197,124.884,243707.0,Jetpack Fleshwater
5JRBK1plBVnpBvvmqoFj9I,Worldwide,Snõõper,197lTCdMFPariBJ2Xd1xNb,2025-07-29,2025-08-01,0.54,0.853,11.0,-6.172,0.11,2.06e-05,0.0256,0.0509,0.756,179.925,154195.0,Worldwide Snõõper
5DVPSIVpyp8D80XsgRkmjN,Willow,she's green,42IX4MHpnREqy3N7HugkLY,2025-07-17,2025-08-01,0.328,0.818,9.0,-5.07,0.0487,1.89e-05,0.874,0.206,0.198,91.944,155480.0,Willow she's green
4Xu6PC9zAzBECTYAEY9glE,Black swan,Wisp,3TJZG17pjOKXwx1ELKJPfm,2025-08-01,2025-08-01,0.265,0.754,0.0,-6.829,0.0475,1.2e-05,0.938,0.776,0.0534,143.993,265293.0,Black swan Wisp
1T5KCHI53IBb1K9I4H8zye,Thank You,Common People,6MPvMut19soRca5EoF92uX,2025-07-30,2025-08-01,0.504,0.899,7.0,-4.222,0.0351,9e-06,0.00336,0.0784,0.682,133.106,191918.0,Thank You Common People
0tKMZFO30VbRFulQzIWxjX,Hunting Season,Biffy Clyro,1km0R7wy712AzLkA1WjKET,2025-07-30,2025-08-01,0.388,0.914,0.0,-3.284,0.0609,6.74e-06,0.000165,0.165,0.506,156.959,175244.0,Hunting Season Biffy Clyro
38nBmYPehTU8sYl19qHVJi,I Steal What I Want,The Armed,4V5obzWMr7BHZrjOiQwB4K,2025-08-01,2025-08-01,0.336,0.931,6.0,-5.829,0.0635,1.07e-06,0.787,0.321,0.56,85.105,126168.0,I Steal What I Want The Armed
4GoGXuuQWZFuchHVBdmJ3H,Stealin All The Swag,Metro Boomin,0iEtIxbK0KxaSlF7G42ZOp,2025-08-01,2025-08-01,,,,,,,,,,,,Stealin All The Swag Metro Boomin
1STLCBXCRP2AwLIZtiEzy6,Cooper,Spafford Campbell,66m6bNTLMqYo0sPuut2gTG,2025-08-01,2025-08-09,0.226,0.0116,9.0,-25.813,0.0382,0.961,0.00997,0.0708,0.0397,112.63,330799.0,Cooper Spafford Campbell
47F0QvOmh5RGk7PYaMecbv,Wandering Mt. Moon,Barry Can't Swim,0vTVU0KH0CVzijsoKGsTPl,2025-07-11,2025-08-09,0.164,0.276,6.0,-10.766,0.0317,0.956,0.344,0.121,0.139,98.508,184173.0,Wandering Mt. Moon Barry Can't Swim
3dpnWSlmWe7i5U1xxxCSUN,Snow White,Laufey,7gW0r5CkdEUMm42w9XpyZO,2025-08-07,2025-08-09,0.382,0.201,2.0,-10.64,0.0358,0.919,0.000223,0.0953,0.387,100.943,193533.0,Snow White Laufey
1Xi76S2GGci5zlt7eyBi8U,"River Man - Take 1, 4th January 1969",Nick Drake,5c3GLXai8YOMid29ZEuR9y,2025-07-25,2025-08-09,0.665,0.102,8.0,-21.793,0.0612,0.915,0.586,0.114,0.213,115.184,311013.0,"River Man - Take 1, 4th January 1969 Nick Drake"
2GaogGWaOojUjv4lm2pSCK,meditation iv - K-Lone rework,"Marysia Osu, K-Lone","0drclFaX2CCeuqnT5cfCY1, 6VC4hWnnMMmOxpH6KsAXBU",2025-08-01,2025-08-09,0.522,0.304,3.0,-16.638,0.032,0.912,0.912,0.0607,0.0336,130.001,471228.0,"meditation iv - K-Lone rework Marysia Osu, K-Lone"
55zwmxfCcPulJxJmUK0fyR,Thank You Pharoah,Florian T M Zeisig,6ufIfvoo0cRpP8v0XAG6dv,2025-08-05,2025-08-09,0.226,0.144,2.0,-19.275,0.0328,0.911,0.818,0.118,0.129,105.557,244000.0,Thank You Pharoah Florian T M Zeisig
1otoOODlPdBycwwxlSe3vC,Dorhan Oullhin (What the Heart Desires) - feat. Imarhan & Damon Albarn,"Africa Express, Imarhan, Damon Albarn","0FvSMtCS6UPO4dfsvFT4Vm, 1KQ1687z0hWSabx0YswG54, 0O98jlCaPzvsoei6U5jfEL",2025-07-11,2025-08-09,0.481,0.382,0.0,-15.413,0.0474,0.904,0.837,0.119,0.57,150.497,257760.0,"Dorhan Oullhin (What the Heart Desires) - feat. Imarhan & Damon Albarn Africa Express, Imarhan, Damon Albarn"
1AookSvhnI1sOyNXiYOEKs,Baths,Stella Donnelly,2mHjhKyKCLh6MZELuCe1Es,2025-08-05,2025-08-09,0.539,0.04,10.0,-16.036,0.0493,0.898,0.0,0.181,0.585,111.315,108436.0,Baths Stella Donnelly
1yec7zV5ExPE9t3DaRe4Mx,Light Beyond The Lines,Kate Rusby,3Cf7jFBOVBRDTvFUxGAJgF,2025-07-31,2025-08-09,0.556,0.289,10.0,-10.677,0.0253,0.897,0.0133,0.104,0.175,81.949,248480.0,Light Beyond The Lines Kate Rusby
0uP3nr5ygvojAQftifZ0ga,Bus Back To Richmond,Lucy Dacus,07D1Bjaof0NFlU32KXiqUP,2025-08-08,2025-08-09,0.477,0.181,7.0,-15.857,0.0536,0.883,2.56e-05,0.0996,0.278,125.054,174744.0,Bus Back To Richmond Lucy Dacus
5YVzRclOzhIpLGoZJIP4Hb,in a tangerine light,David Franklin Courtright,0Rpq7VoERlwpojS4zF8vRO,2025-08-06,2025-08-09,0.35,0.354,2.0,-9.366,0.0281,0.866,0.0281,0.168,0.216,82.377,303336.0,in a tangerine light David Franklin Courtright
1vcpoKdH8DZnSoHPRbmmQD,Ebb and Flow,The Magpies,6uOGY4KpxPDYc4VmvYbcxW,2025-08-01,2025-08-09,0.548,0.267,9.0,-11.147,0.027,0.856,8.34e-05,0.323,0.34,139.71,229439.0,Ebb and Flow The Magpies
4xcDmuvy6lmcB3XtT97MvC,Nètsanèt,Mulatu Astatke,7HGFXtBhRq3g1Ma3nH4Rgv,2025-07-09,2025-08-09,0.412,0.334,0.0,-14.015,0.0588,0.853,0.678,0.15,0.441,86.514,495907.0,Nètsanèt Mulatu Astatke
5C7seQgFGZRhAF1lgkdhXd,"Fix It, Pt. 1",Qur'an Shaheed,6zYf3M745APT179QsjrlB4,2025-07-11,2025-08-09,0.272,0.376,7.0,-13.883,0.0513,0.812,0.113,0.115,0.289,84.498,208753.0,"Fix It, Pt. 1 Qur'an Shaheed"
4R6FsEosZEko5S92ne5QyV,Dime,Silvana Estrada,72VywtXEoONiBLNu3ibGI7,2025-07-29,2025-08-09,0.444,0.299,7.0,-11.412,0.0315,0.773,0.0415,0.0931,0.348,168.165,220085.0,Dime Silvana Estrada
2y000ADqI2YYr9uIPzm4PM,Wonder,"Danger Mouse, MorMor","2dBj3prW7gP9bCCOIQeDUf, 63vaeIIBKIe9zT91EORVbr",2025-08-06,2025-08-09,0.472,0.37,2.0,-10.392,0.0272,0.751,0.0055,0.121,0.222,172.016,202000.0,"Wonder Danger Mouse, MorMor"
6SsVP4X4CYeBNcPn6WX6Dw,If not winter,Wisp,3TJZG17pjOKXwx1ELKJPfm,2025-08-01,2025-08-09,0.282,0.403,4.0,-10.077,0.0309,0.741,0.863,0.095,0.162,115.782,286560.0,If not winter Wisp
4SC29UjZqGD3DaZNipthGk,Kiss Me Thru The Phone pt 2 (with PinkPantheress),"Amaarae, PinkPantheress","21UPYSRWFKwtqvSAnFnSvS, 78rUTD7y6Cy67W1RVzYs7t",2025-08-08,2025-08-09,0.751,0.637,1.0,-7.726,0.0943,0.733,9.61e-06,0.362,0.504,130.057,218117.0,"Kiss Me Thru The Phone pt 2 (with PinkPantheress) Amaarae, PinkPantheress"
79HEZpg8JmxYG8C0qqe8rM,Saturation Diver,La Dispute,7lQKE6HaKQcCsgLRMhsh5W,2025-08-05,2025-08-09,0.608,0.488,4.0,-11.287,0.0368,0.723,0.0147,0.414,0.597,124.007,217447.0,Saturation Diver La Dispute
02iATFfw65dORZrckOEYmk,Wolf Boy,Elín Hall,1hfm4VS7hTtOZF08Qd9OTb,2025-08-07,2025-08-09,0.608,0.329,7.0,-9.574,0.0315,0.72,0.00309,0.332,0.273,127.982,261696.0,Wolf Boy Elín Hall
2pYjR9TqU2gCma5jk3S2wD,Attendance,JayO,1IMENE2OCzsrXuu62aW1mD,2025-08-08,2025-08-09,0.753,0.805,3.0,-6.634,0.0735,0.715,0.0,0.106,0.318,117.983,149492.0,Attendance JayO
0e5r1a7ZVAbSRvsrdOdvFv,Somewhere Only We Go,Tommy WÁ,17e35Wp915ZK8I2wCBT1Kd,2025-08-08,2025-08-09,0.806,0.605,11.0,-7.621,0.0407,0.712,0.000163,0.0809,0.558,115.45,219842.0,Somewhere Only We Go Tommy WÁ
5CTkvsmrR1zEM9FW4OeE2p,autowalk,Go Kurosawa,7xosp4nmGQZhCc0rE9ILg5,2025-07-28,2025-08-09,0.578,0.665,0.0,-10.921,0.0348,0.702,0.896,0.0743,0.956,86.045,256000.0,autowalk Go Kurosawa
4NeuuhbGoFWURYWE7E00CW,Maybe,O'o,1DtsFylHx6XtgBVITFouan,2025-07-08,2025-08-09,0.848,0.629,10.0,-10.278,0.2,0.677,0.566,0.118,0.66,129.616,175500.0,Maybe O'o
0Jx2rCAfGirVYi1uRce6qN,IKEA,"Kelly Moonstone, Saba","5TVQ1g9iOkpZUJrWgu21kj, 7Hjbimq43OgxaBRpFXic4x",2025-07-24,2025-08-09,0.581,0.547,7.0,-9.951,0.425,0.652,2.67e-05,0.105,0.741,81.944,171429.0,"IKEA Kelly Moonstone, Saba"
1UKBl8MSI5Q7bPe2rnIFFS,Virginia Slim,Clover County,1vOabSI7N1elDhNGoirgU2,2025-07-11,2025-08-09,0.587,0.465,10.0,-8.476,0.0437,0.651,0.000352,0.0972,0.533,165.894,194529.0,Virginia Slim Clover County
4xLuBeImCrzB7Dh1ktwQmr,I Don't Not Love You,Eleni Drake,2y7pPMQioLwMFUKhK9Pyow,2025-08-08,2025-08-09,0.561,0.317,11.0,-7.206,0.029,0.646,0.000229,0.186,0.133,111.599,183332.0,I Don't Not Love You Eleni Drake
2e0mRX40r0777VSfnyzhWa,Your Girl's Upstairs,Casey Dienel,6PfI4m0GOiwOZWbtu38cqP,2025-08-06,2025-08-09,0.59,0.419,3.0,-7.586,0.0305,0.634,0.000516,0.36,0.251,73.132,150072.0,Your Girl's Upstairs Casey Dienel
187YGEu3eRwg95yTRsDQwj,Sound of Dawn,Toni Sancho,4SpaShKE14x1P5jTruqwIK,2025-08-08,2025-08-09,0.601,0.526,9.0,-6.928,0.0277,0.627,0.000542,0.134,0.29,126.066,266667.0,Sound of Dawn Toni Sancho
0751Oaa4PRQ6SEF4fpp8T3,No Quiet,For Those I Love,3X4mDEa1fff0zpbBp8wiOZ,2025-08-08,2025-08-09,0.397,0.526,0.0,-10.769,0.103,0.621,5.4e-05,0.077,0.356,142.797,231903.0,No Quiet For Those I Love
0SwwuOt0qPQdMbZYeTlmiM,More Than Friends,Lucy Dacus,07D1Bjaof0NFlU32KXiqUP,2025-08-08,2025-08-09,0.675,0.472,0.0,-10.245,0.0378,0.605,0.000324,0.102,0.444,75.08,203739.0,More Than Friends Lucy Dacus
68BECk0aZS6jm7z3fqOkG6,Little Gods,"Elias Rønnenfelt, Fousheé, jonatan leandoer96","1sMYEFib6APIW3JjkY8pYS, 6trIghKwHRUyxwvm66HLHH, 5tPS5f7Gu3SaJQusdkehtE",2025-08-06,2025-08-09,0.515,0.521,3.0,-5.991,0.025,0.6,0.0,0.318,0.319,99.995,220000.0,"Little Gods Elias Rønnenfelt, Fousheé, jonatan leandoer96"
4YOJtlUJxsI9qcyfjHgWLz,Gimme Whatcha Got,Cosmorat,7N3uZZGaea8CxH6SoFyCpr,2025-08-06,2025-08-09,0.47,0.46,4.0,-10.814,0.0394,0.597,0.0986,0.119,0.373,97.962,280410.0,Gimme Whatcha Got Cosmorat
1xPNCekVV9V2NHoVif7roq,Mizu,The Circling Sun,6U51RugDKVdqss9kCDx0dQ,2025-07-11,2025-08-09,0.588,0.628,5.0,-13.507,0.0502,0.582,0.446,0.0917,0.858,85.328,193987.0,Mizu The Circling Sun
6fnIVBvI6ZI5hqxkuSw9UI,eau de vie,Halima,3bSZmhmZ0bWMkMl37DK5ap,2025-07-22,2025-08-09,0.704,0.545,0.0,-5.63,0.0477,0.559,0.0983,0.11,0.646,100.012,171969.0,eau de vie Halima
1ZPct0Fm4bWqtdfmf1Cspt,Janie,Ethel Cain,0avMDS4HyoCEP6RqZJWpY2,2025-08-08,2025-08-09,0.239,0.28,6.0,-10.612,0.0312,0.557,0.219,0.115,0.0683,86.129,300125.0,Janie Ethel Cain
4OsIm0UnjaBDB3InN9lD7y,new body parts,venbee,4UWWa5dKgTLAx8mv6Ju6X1,2025-08-08,2025-08-09,0.732,0.644,8.0,-10.731,0.0614,0.541,0.668,0.109,0.421,135.027,170360.0,new body parts venbee
7DQODsNlqDQXZHfXd0T1n7,A Little More,Ed Sheeran,6eUKZXaKkcviH0Ku9w2n3V,2025-08-07,2025-08-09,0.929,0.644,10.0,-3.791,0.0531,0.523,0.0,0.0585,0.97,113.015,192499.0,A Little More Ed Sheeran
5boOfeG5brpNtAvmx8CRc5,Loved You Better (with Dean Lewis),"Jonas Brothers, Dean Lewis","7gOdHgIoIKoe4i9Tta6qdD, 3QSQFmccmX81fWCUSPTS7y",2025-08-08,2025-08-09,0.385,0.566,2.0,-3.986,0.0523,0.514,0.0,0.242,0.288,90.73,157541.0,"Loved You Better (with Dean Lewis) Jonas Brothers, Dean Lewis"
3S1fiHR7CUe9Nqa8h4H0u4,Starkilla (with Bree Runway & Starkillers),"Amaarae, Bree Runway, Starkillers","21UPYSRWFKwtqvSAnFnSvS, 58hqTaCiqGrMsNmmm3qL7w, 6gJE2UbjRlQBb0dFmMQTm0",2025-08-08,2025-08-09,0.815,0.541,7.0,-5.978,0.0602,0.493,6.46e-06,0.161,0.684,130.038,188308.0,"Starkilla (with Bree Runway & Starkillers) Amaarae, Bree Runway, Starkillers"
0yLtRZBrmwlbsFAfH0Pgio,If It Matters,Steven Bamidele,71MVm1MdM62WiEBkSIjIA6,2025-07-31,2025-08-09,0.691,0.413,4.0,-10.619,0.057,0.49,0.291,0.11,0.089,68.975,228895.0,If It Matters Steven Bamidele
68nHXfsqTUHGt9Z21j9Pkj,The Prophet,Ami Taf Ra,2KiesFSnD8ccUdEeZZOo4q,2025-07-30,2025-08-09,0.418,0.777,10.0,-6.061,0.0738,0.489,0.000182,0.138,0.331,107.423,525672.0,The Prophet Ami Taf Ra
3LXxHFZWt6OHdBsgucSIjJ,"Community (with Clipse, Pusha T & Malice)","JID, Clipse, Pusha T, Malice","6U3ybJ9UHNKEdsH7ktGBZ7, 2J257euzcjnDLipsyJH3F2, 0ONHkAv9pCAFxb0zJwDNTy, 5tN6fQFvbiTYubJ9okxkft",2025-08-08,2025-08-09,0.56,0.843,11.0,-4.056,0.348,0.486,0.0,0.0961,0.672,152.351,265527.0,"Community (with Clipse, Pusha T & Malice) JID, Clipse, Pusha T, Malice"
7C041UO4n5LmaPVcRaQfzc,Comafields,Burial,0uCCBpmg6MrPb1KY2msceF,2025-08-01,2025-08-09,0.347,0.528,1.0,-15.76,0.0682,0.477,0.807,0.103,0.127,123.931,723147.0,Comafields Burial
0O2RsuGEalMk2zUGoBAAKp,Rorschach Baby,Ryn Weaver,2MuFzH1J5I6gGFYo2qhZmX,2025-08-08,2025-08-09,0.62,0.68,5.0,-7.954,0.153,0.46,2.87e-05,0.175,0.732,151.937,206009.0,Rorschach Baby Ryn Weaver
69tz8aFmOSZGJNwwdKAz69,A Sign Of Life,Aïda Mekonnen Caby,7MKQrlDE1JkyUtKxmWl8pA,2025-08-06,2025-08-09,0.574,0.724,11.0,-9.332,0.03,0.45,0.497,0.12,0.397,122.982,157560.0,A Sign Of Life Aïda Mekonnen Caby
0ohz67ESfEL7m6xYGRPTHu,Changin Me,Worries And Other Plants,4OSvbuo6zLLwKdf0Rp9nRc,2025-07-18,2025-08-09,0.634,0.834,1.0,-6.26,0.0288,0.448,0.758,0.11,0.775,136.0,186867.0,Changin Me Worries And Other Plants
0ClAFgaMjuyBQmG6PzKZyX,Anywhere,Teethe,3K2gErmF9xLdo6dqOj1VbI,2025-08-08,2025-08-09,0.526,0.521,5.0,-11.694,0.0271,0.442,0.663,0.0927,0.11,97.988,215400.0,Anywhere Teethe
5ZWLzQcxb7DJDMjHr3e27m,Butterknife,Moon Panda,2Ghddt4G7272vYt4xOyYWm,2025-07-23,2025-08-09,0.749,0.346,1.0,-12.303,0.0473,0.43,0.737,0.106,0.325,160.006,209219.0,Butterknife Moon Panda
0OP6uabvEok2R5i3OzltCB,Ms Pretty Rockstar,Kraff Gad,4ULg9wVZKb01ORw7AIZBDR,2025-07-28,2025-08-09,0.571,0.4,5.0,-9.799,0.408,0.429,0.0242,0.115,0.302,138.583,144213.0,Ms Pretty Rockstar Kraff Gad
5UBoW6qFJ6Kz6EeARCyvAK,Mermaid,Dumb Buoys Fishing Club,5zq4xI3RwNWyVVSRHAwO0D,2025-08-08,2025-08-09,0.749,0.521,10.0,-8.373,0.176,0.405,0.0106,0.352,0.885,92.003,178083.0,Mermaid Dumb Buoys Fishing Club
0Pe21Qy1cnwZmapx9rzLmN,Los Angeles,Big Thief,5QdyldG4Fl4TPiOIeMNpBZ,2025-08-05,2025-08-09,0.522,0.741,10.0,-8.047,0.032,0.404,0.0138,0.213,0.778,129.928,237134.0,Los Angeles Big Thief
0YR2iI0AymEEB1wWJZjtpd,Sunday Fix,Bones Owens,172e5cVOCSMYQQaIaZ4l1z,2025-07-15,2025-08-09,0.585,0.508,9.0,-6.067,0.0253,0.392,1.44e-06,0.173,0.773,74.998,206010.0,Sunday Fix Bones Owens
7noGUq3NBamyCekfjGz5R2,Gaip,"Sababa 5, Canay Doğan","4MAzZqdLNuFniumG9Sbjiu, 67neQRprEWkco2mIyKkXCb",2025-07-22,2025-08-09,0.496,0.667,8.0,-8.216,0.0383,0.374,0.989,0.339,0.812,97.756,233480.0,"Gaip Sababa 5, Canay Doğan"
4C9FDBZFMEDgIGR2jpJlR6,east side,Slan,2hWj5kCyL026CxUymZEX8Z,2025-08-05,2025-08-09,0.802,0.432,10.0,-6.501,0.0299,0.366,0.00708,0.0931,0.859,89.996,196149.0,east side Slan
7LqMpswiEeZAnqNTkcLiGY,Alabaster,"Flyte, Aimee Mann","3ZKyADicHqelBDeADLutiu, 3UpIbyXfGzmHG6TMH4dJEk",2025-07-11,2025-08-09,0.378,0.548,6.0,-10.632,0.0277,0.363,0.685,0.105,0.472,139.329,255766.0,"Alabaster Flyte, Aimee Mann"
7aamc4vRYmHLYI2aKTDjdJ,Dust Bowl,Ethel Cain,0avMDS4HyoCEP6RqZJWpY2,2025-08-08,2025-08-09,0.206,0.312,6.0,-11.752,0.0284,0.357,0.0939,0.168,0.0884,83.645,386846.0,Dust Bowl Ethel Cain
2mhcvLNmmC3DNrR9ZYpvFf,what am i supposed to do?,saturdays at your place,69Kp4bE7aUWEPrmTwmhVZR,2025-08-07,2025-08-09,0.582,0.76,8.0,-6.618,0.0476,0.346,0.0,0.205,0.878,172.064,165487.0,what am i supposed to do? saturdays at your place
4MpkKp4VhR7UdvZZSSbd2u,Around,Keysuna,21Z1PIWV9PH2HWCA05CpgY,2025-07-25,2025-08-09,0.804,0.378,5.0,-9.509,0.287,0.341,0.0509,0.118,0.531,126.135,252000.0,Around Keysuna
1i42vHCjEoqBgZFqkXhggm,Money,Big Fear,0rB1OW3G0q3Dfy5fVWF6mS,2025-07-11,2025-08-09,0.603,0.829,7.0,-6.522,0.0652,0.341,0.465,0.114,0.239,139.981,244080.0,Money Big Fear
1dkccY8q1lZ37A6lUClydz,city girls,Reuben Aziz,7si4D4nUA1Z9WKUV58hhnh,2025-08-06,2025-08-09,0.618,0.517,1.0,-7.647,0.0379,0.341,1.78e-06,0.111,0.513,95.787,147500.0,city girls Reuben Aziz
327LcFKBfKSB1jEbCiX0zF,Zissou,Hayley Williams,6Rx1JKzBrSzoKQtmbVmBnM,2025-08-01,2025-08-09,0.718,0.483,0.0,-9.376,0.048,0.338,0.104,0.0752,0.87,145.015,175711.0,Zissou Hayley Williams
3tdWUsWvGervPu7xKZA53b,Grandmother,"Big Thief, Laraaji","5QdyldG4Fl4TPiOIeMNpBZ, 6sd3qv6kReAdo6WsLBtXX4",2025-08-05,2025-08-09,0.462,0.833,4.0,-7.289,0.0554,0.334,7.01e-05,0.123,0.535,141.594,360455.0,"Grandmother Big Thief, Laraaji"
7LmCQaJpg5o76eF27GbGIe,heartbeat,Sasha Keable,7MxGWmiAbqjNOGmj23wbWf,2025-08-08,2025-08-09,0.678,0.743,5.0,-4.439,0.337,0.328,0.0,0.103,0.57,156.966,183402.0,heartbeat Sasha Keable
6c34gVQnRGuVmQr87R2dOz,Amor Prestado,Fabio Capri,1SvS3C2cttLfpWzIIQiPAq,2025-08-08,2025-08-09,0.689,0.329,7.0,-7.7,0.0314,0.322,0.0,0.11,0.25,105.918,159120.0,Amor Prestado Fabio Capri
723J8TT1MrywSg66aIqZio,Celebration (feat. Dawn Richard),"Big Freedia, Dawn Richard","2gyv1akuIB9fQvXoGSPaJr, 6pSsE5y0uJMwYj83KrPyf9",2025-08-08,2025-08-09,0.714,0.835,5.0,-6.264,0.0639,0.32,0.0,0.266,0.554,129.965,170253.0,"Celebration (feat. Dawn Richard) Big Freedia, Dawn Richard"
5T9e7bt509revOMZj1GqpI,Green Eyed,"CARRTOONS, Pale Jay","0994Up3Ob4zUFm3OFOWpzJ, 7H3z77VbkJcCcFilmKqKNM",2025-07-29,2025-08-09,0.471,0.734,1.0,-6.647,0.0542,0.318,0.00039,0.294,0.484,155.863,193851.0,"Green Eyed CARRTOONS, Pale Jay"
51zebAwN6zTBOw0ue2XLIP,Joy,Rita Ora,5CCwRZC6euC8Odo6y9X8jr,2025-08-08,2025-08-09,0.683,0.769,9.0,-4.729,0.0625,0.296,0.0,0.793,0.879,118.039,205760.0,Joy Rita Ora
1dOyW58WDD3ka5QnQ9qn6j,TIRE O CALUNDU - Remix,"Orquestra Afro-Brasileira, DJ Nuts","7k1dUDRHcqVlvQYwpMzGsY, 3UByjk0QUxri8xYa61yWcV",2025-07-31,2025-08-09,0.744,0.932,2.0,-6.828,0.146,0.291,0.000285,0.21,0.655,112.466,179746.0,"TIRE O CALUNDU - Remix Orquestra Afro-Brasileira, DJ Nuts"
7txKOajpjZ1ae6vDSnhliR,storm,Night Tapes,5APEQlUaQ5K70LgPqAdTuU,2025-08-08,2025-08-09,0.359,0.545,8.0,-7.799,0.055,0.289,0.219,0.0933,0.23,119.91,248264.0,storm Night Tapes
0xgBPQ5PAFM2kxLIphRA1n,Yes,Laura Groves,680a4iDO5tGb0Mb3IIcrVz,2025-08-01,2025-08-09,0.389,0.639,9.0,-9.119,0.057,0.287,0.336,0.0744,0.313,149.767,227645.0,Yes Laura Groves
79ieU2vuYImbGnz3E3a9Y3,Heavy Going...,Jamie Woon,1fUMEn4Yk7ZUloozE0fRLL,2025-07-24,2025-08-09,0.745,0.488,10.0,-10.757,0.0296,0.285,0.559,0.106,0.386,93.0,284443.0,Heavy Going... Jamie Woon
1EFOhaboWzbZZO5dnqZtP0,Bird Parts,"Grumpy, Harmony","480FcWBc0dlEZc52noh462, 6oLhfvwfeydj1LrCduXTrW",2025-08-06,2025-08-09,0.613,0.551,7.0,-7.837,0.0247,0.274,0.429,0.222,0.151,88.297,174400.0,"Bird Parts Grumpy, Harmony"
1cVKKjz0xDKOU95zPLeaJ0,End Credits,Pearly Drops,2eMb96S1ZJ1YQ7FhWAzWJL,2025-07-24,2025-08-09,0.699,0.806,10.0,-7.591,0.0452,0.273,0.243,0.103,0.438,143.033,180333.0,End Credits Pearly Drops
0EpwPqMDPyretNMj2oFbXa,All The Love (Money Can Buy),Courtney Hadwin,2pQIRauKVBZQxClh5xMptX,2025-08-08,2025-08-09,0.766,0.76,11.0,-6.251,0.032,0.272,0.0,0.121,0.98,124.032,182017.0,All The Love (Money Can Buy) Courtney Hadwin
16bRIbVvPHthicIOQqEdI3,elastic,Jane Inc.,2J6C8xyR4gSZGiXKoSd0jP,2025-07-30,2025-08-09,0.833,0.675,4.0,-7.359,0.0964,0.259,0.194,0.0582,0.835,124.505,209985.0,elastic Jane Inc.
7EUl66gTmdax8vutTXsDP3,Carving The Stone,For Those I Love,3X4mDEa1fff0zpbBp8wiOZ,2025-08-08,2025-08-09,0.454,0.68,0.0,-7.613,0.111,0.251,0.000117,0.0951,0.659,119.638,231296.0,Carving The Stone For Those I Love
3Ptpeicf7ZoytvhS217JKa,SEQUENCIA DE BEAT ENTORTA NOIA,DJ K,1YZljq3fZXrlnCe0mMxwKB,2025-08-08,2025-08-09,0.749,0.561,10.0,-5.818,0.277,0.249,0.00431,0.266,0.573,129.967,153000.0,SEQUENCIA DE BEAT ENTORTA NOIA DJ K
5K1JDVJiGBNZAA1Dlm4AXj,Spellbound,Ha Vay,4tm5BsY2371mgdIrZ7vZMt,2025-07-30,2025-08-09,0.649,0.724,6.0,-9.192,0.0338,0.246,0.893,0.343,0.653,109.993,172533.0,Spellbound Ha Vay
1zSnobL5MZxCl3E6rNWNkV,Fake New,Tummyache,2iGQR8gH9aKFtCxOsPGFYx,2025-07-17,2025-08-09,0.362,0.686,5.0,-7.888,0.0592,0.24,0.258,0.582,0.449,109.592,227612.0,Fake New Tummyache
5kzY3AibMnS2zWNtYIWhOa,The Fan Dance (feat. Gavsborg),"Carrier, Gavsborg","1ah87EalVGzB4AEfY7zm2u, 1pJjT9XxNky39USV1eAHhN",2025-08-08,2025-08-09,0.597,0.563,2.0,-16.542,0.0643,0.231,0.913,0.383,0.143,157.97,280000.0,"The Fan Dance (feat. Gavsborg) Carrier, Gavsborg"
1J40QXv3s8VpVeukyd3Rsa,Overboard,iyla,4LXBFNxqvOcdBVpbgKn6op,2025-08-08,2025-08-09,0.664,0.648,2.0,-5.006,0.0398,0.228,0.000201,0.151,0.328,132.984,315555.0,Overboard iyla
4rLyT7uQtWQRtGShwTaUju,Vampire Bat,Glass Animals,4yvcSjfu4PC0CYQyLy4wSq,2025-08-08,2025-08-09,0.725,0.755,5.0,-4.786,0.0327,0.218,0.00132,0.239,0.716,90.009,206653.0,Vampire Bat Glass Animals
0ypLBqFjvRLnuGd8xt0v6k,Our Game,"SV, Alyssa Jane","6ABoiNLC8RChkiFvzIOqKi, 22IXfQIItP8FJ1eLcKeNM9",2025-08-01,2025-08-09,0.656,0.456,9.0,-7.298,0.0335,0.213,0.0,0.148,0.683,153.211,177255.0,"Our Game SV, Alyssa Jane"
1BAzcNXw5To2MjhdiU67f5,bob dylan's 115th haircut,Ada Lea,3sE8O47mEFWR6pL0rwnAHy,2025-08-08,2025-08-09,0.479,0.676,10.0,-7.061,0.0445,0.211,0.0,0.136,0.22,150.77,133668.0,bob dylan's 115th haircut Ada Lea
09gn5aF4g0QQnRXKAnAkgr,Icarus/Breakthrough,Mal Devisa,3YMOzNArPJIyR5Y5iIxOpi,2025-07-30,2025-08-09,0.725,0.66,9.0,-6.665,0.0395,0.21,3.98e-05,0.124,0.751,143.039,210787.0,Icarus/Breakthrough Mal Devisa
2JPMgyBJhIBE5vzKa7jaK6,Falling For The Feeling,Hether,5O35zGUolf87RATk2NgSD3,2025-08-01,2025-08-09,0.784,0.657,10.0,-8.152,0.0905,0.205,0.132,0.386,0.693,94.017,241689.0,Falling For The Feeling Hether
4cPGneVmrxVcz28DFWlHWl,Ego,Romy Mars,6cJxlOHcaXLNUUKYkSecTd,2025-08-08,2025-08-09,0.649,0.713,10.0,-5.822,0.0277,0.204,0.0,0.576,0.902,127.998,193467.0,Ego Romy Mars
2Pz6sQe86HK2I9xPC9ZGUm,Nossa Cor,"Adrian Younge, Samantha Schmütz","4aMeIY7MkJoZg7O91cmDDd, 2d5jpxKopvlhzQ2UneuilJ",2025-07-25,2025-08-09,0.49,0.654,4.0,-7.355,0.0325,0.199,0.0873,0.0795,0.669,144.779,200220.0,"Nossa Cor Adrian Younge, Samantha Schmütz"
5eH0Jh6P971WZ76oeQq43x,Let the Lips Fall Where They May,Real Lies,1jucBaHU995Lf7ViACscFu,2025-08-08,2025-08-09,0.655,0.869,7.0,-5.382,0.0649,0.183,0.154,0.132,0.814,141.039,228657.0,Let the Lips Fall Where They May Real Lies
5NNm4RFejufLcPptaBony8,Babydoll,M.A. Sampson,1HNmNWUXBpBEAuRaqJSaoG,2025-07-22,2025-08-09,0.543,0.941,5.0,-6.244,0.037,0.173,0.000507,0.097,0.617,92.39,182368.0,Babydoll M.A. Sampson
3BVLaz2DO9ZaciRQT2J26O,Annihilation,TOPS,2SdK1QDmZIP2hk94rSaLl9,2025-07-23,2025-08-09,0.731,0.552,7.0,-10.035,0.0295,0.172,0.0208,0.154,0.344,114.878,202421.0,Annihilation TOPS
7lZAVKwXTXcxp2RPF1R2U6,We On Dat,Monaleo,2sflbTtCirog5VxD6jPAfb,2025-07-11,2025-08-09,0.897,0.683,1.0,-6.584,0.44,0.166,0.0,0.0838,0.722,140.2,172000.0,We On Dat Monaleo
0n7uGOMFxMczeDkfjCayG6,Ego Death At A Bachelorette Party,Hayley Williams,6Rx1JKzBrSzoKQtmbVmBnM,2025-08-01,2025-08-09,0.689,0.707,0.0,-6.573,0.0562,0.166,0.000245,0.267,0.745,159.977,198097.0,Ego Death At A Bachelorette Party Hayley Williams
266NPG21d1RGm5GHxchVF3,can't stop,Sasha Keable,7MxGWmiAbqjNOGmj23wbWf,2025-08-08,2025-08-09,0.582,0.692,2.0,-5.416,0.103,0.165,9.77e-05,0.281,0.614,149.689,188899.0,can't stop Sasha Keable
5VG10DAXruz3BpPCBSjr2y,Two Steps,Yazmin Lacey,2datC2OML2YxykP6vnDRmg,2025-07-31,2025-08-09,0.829,0.749,1.0,-7.005,0.0801,0.165,0.00353,0.109,0.816,107.988,124408.0,Two Steps Yazmin Lacey
1CoS445LRHPTqQS7yOJwJA,OPEN UP THAT DOOR,"Weval, KILIMANJARO","12tZvy2xFpWSkuJ3FsfisZ, 4QGD0m9AGZixhuPAzaBeD7",2025-07-29,2025-08-09,0.665,0.748,1.0,-9.687,0.0424,0.163,0.336,0.0757,0.682,127.997,236134.0,"OPEN UP THAT DOOR Weval, KILIMANJARO"
7d6a1yzymv1u8LW4fHDbLJ,Don't Let Go,Nerves,4oZHD9a5Wf8vZWHTrPWKdO,2025-08-06,2025-08-09,0.336,0.373,4.0,-15.5,0.0474,0.157,0.891,0.103,0.0377,135.039,363092.0,Don't Let Go Nerves
5ITG4DnvFCQZ6ie61I68bh,Searching For Truth,Mugun,51ljR7LOa06kGwi9Qv3ueW,2025-08-06,2025-08-09,0.656,0.943,5.0,-3.569,0.32,0.138,0.0,0.294,0.402,85.0,203840.0,Searching For Truth Mugun
17W1qDE79lsiQaCeLPUcGl,Baby Spoon,Cavetown,2hR4h1Cao2ueuI7Cx9c7V8,2025-08-08,2025-08-09,0.595,0.553,2.0,-8.169,0.035,0.131,1.81e-06,0.124,0.507,148.122,180804.0,Baby Spoon Cavetown
5SpOH9eTlrWYbQbpqsTkEY,Typhoon,Deyaz,1wHWfSUySUXQV73PnpUBUc,2025-08-08,2025-08-09,0.594,0.752,10.0,-4.374,0.0387,0.129,0.0,0.0968,0.576,121.998,188852.0,Typhoon Deyaz
52CD0wyV0Dk8SReA6ceofZ,For Art,"Oh, Rose",3k7ErvhO8cmFVOTrAVtuKe,2025-07-18,2025-08-09,0.361,0.422,2.0,-12.053,0.0296,0.126,0.0261,0.0856,0.229,78.709,184000.0,"For Art Oh, Rose"
5tz0s6t6V9ElCAvGCu4Ldi,La Candelaria,Bontan,1tZgoMqNTa7lII4w9pV3ud,2025-07-25,2025-08-09,0.84,0.968,6.0,-4.305,0.0893,0.121,0.0823,0.443,0.776,121.992,230164.0,La Candelaria Bontan
1X0mXQX1xBKkKDxHjRj4AG,Stainless Steel,Kid Kapichi,2iwVdN0Geaw5Sn2Abeh9fB,2025-08-07,2025-08-09,0.68,0.707,9.0,-5.851,0.0286,0.121,0.00029,0.449,0.71,136.038,205480.0,Stainless Steel Kid Kapichi
0XUZUSGfg5BdDgPwIWO1GX,1-800-F**K-YOU,Alemeda,33Se8kMYeTPkeeM2LnsPF8,2025-08-08,2025-08-09,0.53,0.592,3.0,-7.117,0.0318,0.119,0.000559,0.336,0.77,144.113,115114.0,1-800-F**K-YOU Alemeda
3W3Y2kXSOkDidmXerJLLU2,uncomfy (feat. OsamaSon),"xaviersobased, OsamaSon","2oM7LMPFu882oC6jSwEqjd, 0uj6QiPsPfK8ywLC7uwBE1",2025-08-01,2025-08-09,0.657,0.772,9.0,-5.606,0.0492,0.111,0.0,0.11,0.11,109.942,175364.0,"uncomfy (feat. OsamaSon) xaviersobased, OsamaSon"
1X4Nf2IZfHH1FKuMTE8cYw,Seascape,Eugene McGuinness,2jLA1uNJCHfot9nPhUhSdz,2025-07-24,2025-08-09,0.488,0.578,2.0,-6.421,0.0348,0.105,0.000177,0.11,0.407,163.905,206277.0,Seascape Eugene McGuinness
02gYTLDCIGVM9Y9r4vDb2a,Soap (feat. PinkPantheress),"Yves, PinkPantheress","6AkddQqEu75QRbsCo12zce, 78rUTD7y6Cy67W1RVzYs7t",2025-08-07,2025-08-09,0.674,0.834,8.0,-3.984,0.291,0.104,0.0,0.107,0.607,67.318,148000.0,"Soap (feat. PinkPantheress) Yves, PinkPantheress"
2MfqtpLWYQqhUwhCgWYbuB,Doing It Too,Rochelle Jordan,3MM3uKNdJbvefUael12dl3,2025-08-08,2025-08-09,0.689,0.588,10.0,-11.297,0.134,0.103,0.00199,0.0393,0.616,115.012,206000.0,Doing It Too Rochelle Jordan
42Lc3egYlADQ1MPXFSD9G0,BALENCIAGA,"Armenta, DannyLux","4TdMGChhzBYNXhADaEGUZX, 6ElqtIfQsAkEYypgfJIjeK",2025-08-07,2025-08-09,0.685,0.816,9.0,-5.73,0.036,0.1,0.0,0.106,0.451,114.971,205565.0,"BALENCIAGA Armenta, DannyLux"
2m2AbCpeWgms32FdLfBBdk,YouUgly (with Westside Gunn),"JID, Westside Gunn","6U3ybJ9UHNKEdsH7ktGBZ7, 0ABk515kENDyATUdpCKVfW",2025-08-08,2025-08-09,0.436,0.754,8.0,-5.621,0.274,0.0866,7.19e-05,0.29,0.317,77.186,283748.0,"YouUgly (with Westside Gunn) JID, Westside Gunn"
3S24yNjzf4iGLk5GNOQl1V,find u,"MXGPU, Moullinex, GPU Panic","7LHpDayfzUPdd5DGAJIrko, 1XFbnj1jNNzzyg46ni3dnr, 1kClYC29n6M4YTALilSyY3",2025-07-18,2025-08-09,0.554,0.833,10.0,-7.435,0.072,0.0841,0.00875,0.131,0.568,169.963,183738.0,"find u MXGPU, Moullinex, GPU Panic"
235wpWfuG8l9AFsH21nxAG,Rebeca,"El Malilla, Enayy","6BV37tKh6pY97mnNdTCzly, 6NxJgAQlIO7Tgs0AKGkMXZ",2025-08-07,2025-08-09,0.966,0.719,1.0,-3.348,0.266,0.0828,0.0,0.0701,0.898,113.356,150706.0,"Rebeca El Malilla, Enayy"
5RN0MPqEIhzjZBXibaE8YZ,Miu Miu,Chy Cartier,4qxFzMJxrNzlv11J7pCY5q,2025-08-08,2025-08-09,0.642,0.539,1.0,-7.246,0.428,0.0825,0.0,0.0903,0.361,151.702,169849.0,Miu Miu Chy Cartier
0lFeMz88y4C69UE2dP7jq4,Broke,Hang Linton,5kajE7ahejLpQRKTLo7RGZ,2025-07-28,2025-08-09,0.745,0.548,1.0,-9.344,0.167,0.0817,7.91e-06,0.317,0.666,140.084,169714.0,Broke Hang Linton
0cjJLj56qsP30kZof9Mk4g,Don't Talk (Just Dance),"Land Of Echo, Kathy Diamond","02PragaQEHFnhhdGnX4KGl, 0s04TTYWlUUNpNSS4bfNbe",2025-07-18,2025-08-09,0.767,0.609,8.0,-7.256,0.0763,0.0807,0.735,0.0917,0.613,110.006,358304.0,"Don't Talk (Just Dance) Land Of Echo, Kathy Diamond"
2OZxoB37FO6OzZOoOYvOni,Fall in Love,TiaCorine,39i5B6umzWzkfMe12JrMwW,2025-08-01,2025-08-09,0.786,0.748,1.0,-6.413,0.209,0.0806,0.0,0.324,0.466,159.023,167547.0,Fall in Love TiaCorine
33nOHyNeOKwwjKMrF9VN4V,CSIRAC,Ninajirachi,3MekbRujJg5VZThubOlrkR,2025-08-08,2025-08-09,0.744,0.952,11.0,-5.49,0.0719,0.0765,0.79,0.161,0.562,145.061,201931.0,CSIRAC Ninajirachi
0m3RfZpsgsPTWg311WC9Ad,Higher,DEBBY FRIDAY,5lofelrRCFBwzTF616hSx4,2025-08-01,2025-08-09,0.708,0.659,7.0,-8.554,0.0325,0.0763,0.134,0.125,0.642,114.979,173356.0,Higher DEBBY FRIDAY
1uj7DI0Or5BIx5U7WBtdLN,Everything,Mechatok,4poYOxVqlpDTelhhiJcSrW,2025-08-08,2025-08-09,0.776,0.338,10.0,-10.563,0.1,0.07,0.00567,0.126,0.271,145.056,159766.0,Everything Mechatok
5F2uj8PuTwpvYvRB7K68rU,Baye Ass N'Diaye,Orchestra Gold,2rWeNcXXwON5H2xMeiFc6d,2025-07-24,2025-08-09,0.255,0.741,0.0,-7.633,0.0336,0.0699,0.833,0.339,0.645,147.28,332702.0,Baye Ass N'Diaye Orchestra Gold
7mcsqurrPcn2qMjIHRB9d7,Buddies On the Blackboard,Animal Collective,4kwxTgCKMipBKhSnEstNKj,2025-07-29,2025-08-09,0.52,0.727,4.0,-6.742,0.0336,0.0696,0.273,0.115,0.682,120.052,182158.0,Buddies On the Blackboard Animal Collective
49hjujEYY2rbVGZITFKIMk,Find My Way,Mádé Kuti,1ZeiiasZFdLdliVe0TJI7b,2025-07-25,2025-08-09,0.298,0.904,4.0,-5.522,0.185,0.0671,0.000482,0.318,0.369,152.074,205000.0,Find My Way Mádé Kuti
42Cv3my7dgNbEiuki65ZPR,GC FOREVER,Good Charlotte,5aYyPjAsLj7UzANzdupwnS,2025-08-08,2025-08-09,0.246,0.845,10.0,-4.883,0.0512,0.0644,1.74e-05,0.0669,0.131,89.998,336735.0,GC FOREVER Good Charlotte
394JNMSUCATxGsv0KgGY8d,I Wanna Go Back,Stealing Sheep,3ghT43Gj41br25PvBCDS22,2025-08-07,2025-08-09,0.794,0.625,9.0,-6.766,0.0701,0.0632,0.000369,0.207,0.507,115.018,333999.0,I Wanna Go Back Stealing Sheep
1xrFcmeQpv5Eo5Gx0AVknk,System,Prewn,1Sm5PqM25CcIBtKSvZz9iS,2025-08-04,2025-08-09,0.131,0.479,7.0,-5.901,0.0296,0.0618,0.00236,0.226,0.0946,82.238,234880.0,System Prewn
3h7MTqTDCw0Sn8ohQv2K3e,We Are Worlds Away,"The Phenomenal Handclap Band, Morgan Phalen","4S8UOAApPhwz9WcVOj13VO, 31XcLJj5SRtJ0smI0iV9g8",2025-07-29,2025-08-09,0.737,0.895,5.0,-5.463,0.0433,0.0615,0.0172,0.178,0.905,119.987,298024.0,"We Are Worlds Away The Phenomenal Handclap Band, Morgan Phalen"
0VmGgo6i8HOmrp5y8qqBxQ,I Don’t Work Here Anymore,Good Charlotte,5aYyPjAsLj7UzANzdupwnS,2025-08-08,2025-08-09,0.395,0.75,11.0,-4.139,0.0394,0.0601,0.0,0.184,0.464,89.259,221037.0,I Don’t Work Here Anymore Good Charlotte
1ThdAivxHcWdGJ0jqduuHX,Get The Paper,"Paul Wall, DJ.Fresh","0k7Xl1pqI3tu8sSEjo5oEg, 35cJT1IMCFHLeKiPcSpequ",2025-07-25,2025-08-09,0.571,0.744,0.0,-5.763,0.28,0.0591,0.0,0.43,0.622,88.544,174944.0,"Get The Paper Paul Wall, DJ.Fresh"
0a65KzuGdGYMGAee4idItb,Prized Possession,CATTY,0SAfVY2Qy5TbA3mreZfHyf,2025-08-08,2025-08-09,0.712,0.91,10.0,-6.289,0.119,0.0591,0.0,0.243,0.607,124.948,251976.0,Prized Possession CATTY
5vUQ9itUCoPJolzp2L2SqY,CAR CRASH,Greta Isaac,7BsLsPnH5swTyhGZq2qNbN,2025-08-08,2025-08-09,0.781,0.652,4.0,-7.169,0.102,0.0584,0.109,0.716,0.452,124.035,141774.0,CAR CRASH Greta Isaac
07UhkkoVZLfX0khL5UzpoZ,A Little Too High,The Black Keys,7mnBLXK823vNxN3UWB7Gfz,2025-08-08,2025-08-09,0.322,0.881,7.0,-3.565,0.0495,0.0546,0.0,0.206,0.487,97.216,217019.0,A Little Too High The Black Keys
1YtGirlTHKxq2DB1zhjRqF,Doing it Wrong,Adam Buxton,1tELKM5wjfv7SlSNgVOdAq,2025-07-25,2025-08-09,0.833,0.602,7.0,-8.064,0.124,0.0542,0.0194,0.0862,0.791,105.022,170533.0,Doing it Wrong Adam Buxton
0dklIrKepdHzKMo7ViDpyI,Trinidad,Geese,0WCo84qtCKfbyIf1lqQWB4,2025-07-29,2025-08-09,0.528,0.63,7.0,-7.209,0.0275,0.0531,0.0314,0.183,0.623,82.784,224824.0,Trinidad Geese
5sVrb7EJxs2LriI1m3KuX2,just say dat,Gunna,2hlmm7s2ICUX0LVIhVFlZQ,2025-08-08,2025-08-09,0.889,0.579,1.0,-5.171,0.189,0.0527,0.0,0.105,0.456,140.043,123520.0,just say dat Gunna
1Zb6tdJlJA0DwDkpoBYqge,START UP A RUMOUR,Sam Gellaitry,07UJz804RJxqNvxFXC3h9H,2025-08-08,2025-08-09,0.815,0.685,1.0,-4.998,0.0672,0.052,1.6e-05,0.086,0.664,128.082,200352.0,START UP A RUMOUR Sam Gellaitry
40zSMkWtGouAxkjMQnB9JT,Hawk,Algernon Cadwallader,1BfYXNfaB5HBwHn4gxnEQE,2025-08-05,2025-08-09,0.501,0.916,9.0,-3.343,0.0381,0.051,4.84e-05,0.153,0.546,141.953,222446.0,Hawk Algernon Cadwallader
6adwxs4WAc329VbmOaQvJT,Seize the day,Eleazar,0sWHUR9l8PmvJ7rkAYie5L,2025-08-08,2025-08-09,0.506,0.54,5.0,-5.684,0.214,0.0468,5.37e-06,0.104,0.363,75.276,194488.0,Seize the day Eleazar
2R1GNetV5KogQx7h1b8tgg,Real Life,Acopia,276EHqxzrJ8QJKoluzYjFr,2025-08-04,2025-08-09,0.663,0.677,5.0,-8.584,0.0292,0.0459,0.852,0.0824,0.411,106.983,210387.0,Real Life Acopia
1TaxdyKyB05z5K47eHb1c4,Inget biter (feat. Ella Rammelt),"Dansk Design, Ella Rammelt","0ODfnQiJDpXQSov73U0344, 5Q16MIBSMECMqeKAHKw9qE",2025-08-08,2025-08-09,0.658,0.896,5.0,-5.882,0.208,0.0436,0.0,0.39,0.723,127.921,146470.0,"Inget biter (feat. Ella Rammelt) Dansk Design, Ella Rammelt"
2IP7FZDzBjl1Yi5Ivo7FjD,S.T. Tilted,Wombo,67GGyFejJ19UWUjJlLhJq4,2025-08-08,2025-08-09,0.659,0.722,7.0,-7.946,0.0323,0.0409,0.917,0.206,0.333,128.153,159893.0,S.T. Tilted Wombo
3A0w1PJhl7iTuv4k3fe3Ar,Bloco da Harmonia,"Carlos Dafé, Adrian Younge","7c2M9J4vkC24hmNwQyl4vZ, 4aMeIY7MkJoZg7O91cmDDd",2025-07-29,2025-08-09,0.651,0.681,0.0,-6.628,0.0592,0.0407,0.000219,0.0631,0.924,82.639,195776.0,"Bloco da Harmonia Carlos Dafé, Adrian Younge"
2FsJ6jZiqgbORPeIW06i1j,Take Me To The Pilot,Saint Etienne,1N2FgBLehaq77UEdJhCt7f,2025-08-05,2025-08-09,0.593,0.897,4.0,-7.151,0.0316,0.0403,0.085,0.074,0.142,120.004,277627.0,Take Me To The Pilot Saint Etienne
5HcayfPLtnptlYeD0lzdsP,orphan//,KennyHoopla,5ObBtv5VunwwhQaXXnUrsM,2025-08-04,2025-08-09,0.706,0.814,11.0,-5.551,0.0305,0.0369,3.11e-05,0.248,0.901,131.0,159604.0,orphan// KennyHoopla
0oJtICIgw8eoJkMOriYjAP,Lonyo!,Bakar,3K2Srho6NCF3o9MswGR76H,2025-08-08,2025-08-09,0.912,0.67,9.0,-6.142,0.142,0.0366,0.00179,0.05,0.915,130.663,215051.0,Lonyo! Bakar
28EviBoV6YyC3McffKo8Us,The Juice,The Mary Wallopers,7aLfd5azGVKmim6H38mZk2,2025-07-25,2025-08-09,0.61,0.905,2.0,-5.429,0.035,0.0322,0.0109,0.0752,0.582,107.485,194737.0,The Juice The Mary Wallopers
1oZfLJJTIhnyI5F6q4QEFN,Jeremy,Oliver Marson,5RnSyyvP83BF7uxXa9qHOr,2025-07-29,2025-08-09,0.575,0.605,0.0,-7.756,0.0373,0.0309,6.03e-05,0.0884,0.167,121.013,218944.0,Jeremy Oliver Marson
5BvulJDF5EpO5Yjs3bpjEd,Pretty,NewDad,1yz8XixOiIJJ9IxjbnfYV6,2025-08-04,2025-08-09,0.569,0.719,9.0,-7.291,0.0331,0.0292,0.0189,0.108,0.429,130.017,203008.0,Pretty NewDad
1TFYQsVVA3g5iqB57hwGex,DO IT,"Caolan Ryan, Jafaris","6Ru71WNPxGrAckisXVpJEE, 69hGavzu5tphYU1EIY0yEg",2025-07-25,2025-08-09,0.641,0.821,6.0,-6.175,0.0387,0.0264,0.42,0.544,0.334,134.972,200656.0,"DO IT Caolan Ryan, Jafaris"
5eElSio0xnbXAgL00fzNHv,Sugar in the Wound,Louse,4PggeVA2TxLk8lq6wlG4Dq,2025-07-29,2025-08-09,0.373,0.727,8.0,-8.165,0.0373,0.0252,0.531,0.101,0.506,130.025,154293.0,Sugar in the Wound Louse
6LDuYk31EfbBefaFLzSuLZ,Running,"Dombresky, CHANEY, KLP","2GVtgxcx7jg5xVCZsIHSGN, 2dUjApyXX9UqIsFGzoHyhX, 3cWOwptrfEuGMJ2cM7ipc3",2025-08-01,2025-08-09,0.74,0.805,9.0,-5.787,0.266,0.0251,0.011,0.142,0.886,126.996,193228.0,"Running Dombresky, CHANEY, KLP"
0GhVtqzmazON0vBT3ktTWQ,Sé Miimii,"Miimii KDS, Dj Skycee","0mpZpEH8VcL0tYoGLhR8sd, 5jlk3dPxH5lO988DGuOglj",2025-07-11,2025-08-09,0.686,0.892,2.0,-6.425,0.0782,0.0236,0.00419,0.114,0.61,160.149,121858.0,"Sé Miimii Miimii KDS, Dj Skycee"
0vzUBYpTJ46gjjijJ3Gtq1,Eric's Eyes,Good Flying Birds,4LnFAnA41BHrVfTWFKciVS,2025-07-09,2025-08-09,0.243,0.837,2.0,-6.188,0.056,0.0223,0.856,0.314,0.357,89.565,189827.0,Eric's Eyes Good Flying Birds
4Nfnw3xcqaUJE22oRPsQHh,Golden Teacher,Just Jack,2KT0mSAPvd9PreXYCiVfVO,2025-08-08,2025-08-09,0.821,0.591,4.0,-7.226,0.0419,0.0209,0.0695,0.186,0.753,122.038,212951.0,Golden Teacher Just Jack
2GcxMf6H0IlKlbvn6RWwwp,Wild Boys,Hunx and His Punx,5xTWck1vHVlTTI0jTQzUuF,2025-07-23,2025-08-09,0.379,0.87,2.0,-2.631,0.0382,0.0205,0.0136,0.108,0.692,148.888,187256.0,Wild Boys Hunx and His Punx
4n4SppfXnfxYXfdLUSHGBs,All Da Same,YT,0YsYhESxyHC1kuMm9Mbm3C,2025-07-31,2025-08-09,0.573,0.757,4.0,-5.981,0.337,0.0201,0.0,0.139,0.807,161.171,144631.0,All Da Same YT
179sUkLRDlrfmRAITyK456,Run,Flight Facilities,1lc8mnyGrCLtPhCoWjRxjM,2025-08-08,2025-08-09,0.803,0.868,1.0,-4.037,0.0419,0.0201,0.0752,0.0799,0.694,128.004,297943.0,Run Flight Facilities
2KUAdU39pNYHy0zHnr8xHd,Love Has Gone (feat. Jess Glynne),"Alok, ALTA, Robert Falcon, Jess Glynne","0NGAZxHanS9e0iNHpR8f2W, 0PkXdpzJOcWmCvp4aqRsA5, 5CVwY7MrkxGF1aM4f1u6Xk, 4ScCswdRlyA23odg9thgIO",2025-08-08,2025-08-09,0.552,0.884,11.0,-4.3,0.0355,0.0198,0.128,0.221,0.411,142.037,153380.0,"Love Has Gone (feat. Jess Glynne) Alok, ALTA, Robert Falcon, Jess Glynne"
0q3jlKYRjRw24PjrAwow1H,Bowery (feat. Kings of Leon),"Zach Bryan, Kings of Leon","40ZNYROS4zLfyyBSs2PGe2, 2qk9voo8llSGYcZ6xrBzKx",2025-08-08,2025-08-09,0.384,0.656,2.0,-6.314,0.0392,0.0177,0.00174,0.192,0.494,75.83,215720.0,"Bowery (feat. Kings of Leon) Zach Bryan, Kings of Leon"
5t466qFLZPzEyWdaLSvrLa,Drifting,Shadowgraphs,23n7rc2VumQAULNcZ5L6Jx,2025-07-18,2025-08-09,0.48,0.887,0.0,-5.278,0.0379,0.0175,0.000269,0.212,0.318,119.953,232358.0,Drifting Shadowgraphs
0xH0sFCdbn4LshJBcCAa28,Sleazy,Tracey,46JnIrUyPdpvYFPpPgRFSb,2025-08-07,2025-08-09,0.814,0.728,0.0,-4.707,0.0695,0.0175,0.0241,0.0649,0.857,138.989,217278.0,Sleazy Tracey
1qyZweacop2nG30Ng6wqt0,Stray Dog,Deki Alem,2AK3F4tVjxYuqSGefozy52,2025-08-08,2025-08-09,0.707,0.804,7.0,-5.144,0.0348,0.0166,0.0342,0.237,0.549,92.991,170194.0,Stray Dog Deki Alem
3ARbujXcdxpa4FCyFG1ykK,Reflection,Pinkshift,3bfSaJqEYosPcdoCN06G3P,2025-08-05,2025-08-09,0.549,0.854,4.0,-3.678,0.0686,0.0163,0.0,0.107,0.224,133.95,254880.0,Reflection Pinkshift
6F8qgEGftZCdwXLF6noYSc,HE'S SO GROSS,samxemma,3t0tkWfZvQbKkmji8oa26y,2025-08-07,2025-08-09,0.674,0.926,8.0,-6.645,0.0459,0.0159,0.0012,0.237,0.248,128.002,168067.0,HE'S SO GROSS samxemma
57pZYbytVzkSYNnqqrn3ss,Speedrun,"Anysia Kym, Tony Seltzer","03546gvcoicKs6C10YdXvk, 3xLOLsGCDyUCj1L9W5fUpl",2025-08-06,2025-08-09,0.437,0.799,8.0,-9.047,0.0856,0.0155,0.344,0.126,0.553,75.579,76291.0,"Speedrun Anysia Kym, Tony Seltzer"
3vC63Nh3rSREo7qDHgnx8I,DANCING ALONE,KiiiKiii,63sat2XSMKdwKfqspmYQKP,2025-08-06,2025-08-09,0.536,0.741,6.0,-4.408,0.106,0.0136,0.0,0.286,0.701,169.122,198877.0,DANCING ALONE KiiiKiii
6bBv0aGohueaTw6KaLVWUD,Cross My Heart and Hope to Die,Yumi Zouma,4tPyCwWrsvZ8OKYl7QRavL,2025-07-25,2025-08-09,0.599,0.845,0.0,-7.977,0.0375,0.0129,0.569,0.131,0.407,136.999,194480.0,Cross My Heart and Hope to Die Yumi Zouma
28lKZhxCDxqJEPyK8G4y91,White Horses,Wolf Alice,3btzEQD6sugImIHPMRgkwV,2025-08-06,2025-08-09,0.575,0.911,0.0,-3.623,0.0377,0.0126,0.322,0.0609,0.682,145.99,269827.0,White Horses Wolf Alice
60tNQTn6gG8IeBI1YsDVhf,Cast Away,Yaeger,0sWPIrlMZlHFkDBYkciO3X,2025-08-08,2025-08-09,0.634,0.744,8.0,-6.811,0.0409,0.0124,0.000731,0.123,0.274,124.434,194800.0,Cast Away Yaeger
5KLRKXUI7TQrUVl3kxlcpT,L‘amour,Jiri Jiri,56ObiuDJOF8goWVKX81zxe,2025-07-18,2025-08-09,0.763,0.722,9.0,-8.185,0.0584,0.0112,0.595,0.192,0.75,116.012,227700.0,L‘amour Jiri Jiri
0a6AZBsYjSJtSZId5rg1Ib,Tuckered Out,Larches,60fm1trRicI8i6Of1b3eRC,2025-08-01,2025-08-09,0.297,0.833,7.0,-5.624,0.0631,0.0103,0.0,0.401,0.286,126.003,282259.0,Tuckered Out Larches
7zx68cuwvzYVwUl7cyIAXD,Tennessee Quick Cash,Charley Crockett,3BJX1nYizKvWpZTY5HOAr4,2025-08-08,2025-08-09,0.562,0.898,2.0,-6.32,0.0656,0.0103,0.273,0.11,0.581,129.426,252216.0,Tennessee Quick Cash Charley Crockett
41ZAqW5TEE9ocHPRv3hxcE,Last Day On Earth,The Youth Play,66HAxyy84qo8z9CNDDUpwo,2025-07-30,2025-08-09,0.583,0.488,6.0,-8.889,0.0259,0.0102,0.829,0.0981,0.306,116.98,206280.0,Last Day On Earth The Youth Play
5HIod0J4ti3EoPxlHL5x9l,Poison Vine,"Cast, P.P. Arnold","0vBDEQ1aLZpe4zgn2fPH6Z, 5TjpsMnYz8lxTr91olqbEh",2025-07-07,2025-08-09,0.406,0.959,3.0,-3.805,0.0478,0.00982,0.0,0.0771,0.704,133.075,299445.0,"Poison Vine Cast, P.P. Arnold"
53IZ6ZJJByEHMPzif5xBhP,get it right.,"goddard., Megan Linnell","3yDDYheQFqfhKZXdjFQuuP, 31HmXiJtyTOlEmh5rEl9xI",2025-08-08,2025-08-09,0.608,0.932,4.0,-1.766,0.0677,0.00959,0.00639,0.102,0.174,174.035,192345.0,"get it right. goddard., Megan Linnell"
26haQh7H28301Z7petISZ4,Can You See It?,"Wayside, Softcult","30dxyV2Ax6tiLYdaIFmm2x, 13pYXGtaLO9d06VrXX4Aw0",2025-07-30,2025-08-09,0.362,0.941,8.0,-2.993,0.0525,0.00958,0.00402,0.139,0.262,110.74,259042.0,"Can You See It? Wayside, Softcult"
1wAqj59abDOcMAI2Jj3ZWM,Hotel Delilah,Grace Davies,55VbVrjmAWcvCknVFfPzvK,2025-07-11,2025-08-09,0.6,0.84,5.0,-6.384,0.0296,0.00935,0.114,0.109,0.521,126.974,265179.0,Hotel Delilah Grace Davies
1eJWzqgPebOLK70osGwyn6,Fuck Le System,"Perera Elsewhere, Andy S","5RwI5ghnexeunsvJsZ1rDQ, 3ITARgOhBflkfjwmSNsiIK",2025-07-16,2025-08-09,0.744,0.862,11.0,-6.834,0.161,0.00928,0.000212,0.482,0.804,147.952,212076.0,"Fuck Le System Perera Elsewhere, Andy S"
5yIIlXF8ui0IYddVSdotGv,Yakuza,Warmduscher,1CWwXncu9sk7EIdbvqcquR,2025-07-28,2025-08-09,0.611,0.9,11.0,-4.283,0.0358,0.00921,0.661,0.12,0.455,121.019,116667.0,Yakuza Warmduscher
4oDlG2mHN9JdwrMxEktoui,Heartbreak Cafe,Blush,0uqUzyDhs3Ujb5DWDvwiOW,2025-08-01,2025-08-09,0.599,0.558,2.0,-8.313,0.0323,0.00883,0.549,0.0991,0.625,129.994,247385.0,Heartbreak Cafe Blush
1StTcAedkB20mrkmKePtmi,this part of town,better joy,4ERGM46KkPIw35YncC6PGL,2025-07-16,2025-08-09,0.575,0.824,11.0,-7.17,0.028,0.00734,0.00125,0.247,0.649,151.869,213572.0,this part of town better joy
7CpDxtefpHuLK2Ln36kDw7,Girl I Need You,"George Reid, AlunaGeorge","4AhAa3kyJe8OVyN1mxEB6o, 2VAnyOxzJuSAj7XIuEOT38",2025-08-08,2025-08-09,0.636,0.757,11.0,-5.979,0.0322,0.00599,0.249,0.179,0.671,123.982,227500.0,"Girl I Need You George Reid, AlunaGeorge"
3EuCkgHpzLixcDH2OtNFA3,outlaw overture,mgk,6TIYQ3jFPwQSRmorSezPxX,2025-08-08,2025-08-09,0.305,0.792,4.0,-5.085,0.036,0.00389,5.53e-06,0.151,0.114,143.981,302907.0,outlaw overture mgk
0rLzW0OJ7vpcOsW8TYvxaB,New Woman,Zander,61w5YWu30HuH0qRSsCdJ54,2025-08-05,2025-08-09,0.521,0.969,9.0,-4.471,0.0461,0.0037,0.00681,0.102,0.87,148.984,141865.0,New Woman Zander
70XugJWMQtKKgkSTI86AsV,Split,Runnner,7adlRX57hqe6Pc4YHrSGG0,2025-07-24,2025-08-09,0.365,0.9,9.0,-6.532,0.0436,0.00359,4.79e-06,0.34,0.471,84.529,180907.0,Split Runnner
1jweUS5PZjpmKi4tW1qpgW,Ordinary Creature,Of Monsters and Men,4dwdTW1Lfiq0cM8nBAqIIz,2025-08-07,2025-08-09,0.556,0.647,7.0,-7.806,0.0469,0.00335,2.61e-05,0.123,0.406,156.974,220227.0,Ordinary Creature Of Monsters and Men
4hJy2X3TGe02bKeonDDkgh,Circulate,The Starting Line,3E3xrZtBU5ORqcmX78v5YZ,2025-07-30,2025-08-09,0.624,0.913,7.0,-5.398,0.0815,0.00328,0.00824,0.111,0.678,166.022,159538.0,Circulate The Starting Line
2OLM7e95IViS4hd26Rc0au,Drunk Surfer,Westside Cowboy,5LfO4rbJarBvHjB34mU9m2,2025-08-05,2025-08-09,0.422,0.838,7.0,-8.331,0.0849,0.00235,0.78,0.0577,0.468,142.083,234680.0,Drunk Surfer Westside Cowboy
4q4BToovW0YuVSsBFEHmYx,Sober,IOTA,0AAQCfqbOwGKGzYl9Frrx3,2025-07-24,2025-08-09,0.431,0.875,9.0,-4.637,0.0613,0.00233,5.71e-05,0.353,0.205,131.104,234504.0,Sober IOTA
6AlQo2pB8Xb3FtJLEhHl7o,Delusional,Biblioteka,5BeIu3RlLhFDNTWo7wpxhe,2025-07-23,2025-08-09,0.542,0.875,5.0,-4.088,0.059,0.00227,0.00119,0.107,0.801,142.657,215134.0,Delusional Biblioteka
1xvi7J08ioB9LR7utqHane,I'M GOOD. I'M GREAT.,Annika Rose,3E6TQHXjqR21vX9H0c5mOv,2025-08-06,2025-08-09,0.291,0.678,0.0,-5.3,0.0647,0.00198,0.0,0.291,0.764,204.095,195313.0,I'M GOOD. I'M GREAT. Annika Rose
5yIkrjh4x9S4gLB43uIZMx,Cellophane,DON BROCO,1aOt6LvXOV6I8dv1A5Diia,2025-07-25,2025-08-09,0.528,0.906,1.0,-3.034,0.228,0.00187,0.0,0.107,0.487,100.022,198072.0,Cellophane DON BROCO
71htOx4cm7g7T26dHoMP19,Confetti,TYGERMYLK,2Mz1PQnanSTGMp5lYkNY94,2025-08-08,2025-08-09,0.395,0.663,1.0,-6.559,0.0358,0.0018,0.107,0.0667,0.298,135.628,243516.0,Confetti TYGERMYLK
6QnlhyJkaLpxEslu7sB5el,"Incline (feat. Nova Twins, Pink Siifu & Yung Skrrt)","Ho99o9, Nova Twins, Pink Siifu, Yung Skrrt","5KuuNGYTUTokLerXMNYCGL, 7I95CM75shzCjHuTzrepjM, 40ZElxHldNyvn7x8WRC6fh, 1OrSb6vu3ybhKsSY50R5HU",2025-08-06,2025-08-09,0.572,0.938,10.0,-2.908,0.176,0.00156,6.48e-05,0.136,0.172,138.045,219130.0,"Incline (feat. Nova Twins, Pink Siifu & Yung Skrrt) Ho99o9, Nova Twins, Pink Siifu, Yung Skrrt"
6zaeVCwnf3A9S8R7QfDHQW,NO CAP,"Disclosure, Anderson .Paak","6nS5roXSAGhTGr34W6n7Et, 3jK9MiCrA42lLAdMGUZpwa",2025-08-06,2025-08-09,0.776,0.939,2.0,-4.752,0.0614,0.00149,0.0216,0.155,0.512,129.981,233735.0,"NO CAP Disclosure, Anderson .Paak"
3SMOkZk552yOu84yztj16F,The Answer,RamonPang,5rgp60RQWM2lsyrHloYD7D,2025-07-29,2025-08-09,0.654,0.784,10.0,-9.262,0.0324,0.00139,0.0127,0.069,0.692,132.039,244545.0,The Answer RamonPang
0fuJbTVJEl80Ey3RWqZfeA,Movies,Crystal Tides,5a94ihfgkkItCundHIPxP4,2025-07-18,2025-08-09,0.398,0.832,11.0,-4.272,0.0504,0.00136,0.0,0.25,0.594,154.969,204506.0,Movies Crystal Tides
4cZXTA1EZLTjneTayVQXcv,Is This Love,Oog Bogo,3gcJTounp4NCELEkzR8oI1,2025-07-25,2025-08-09,0.303,0.95,4.0,-7.116,0.0722,0.00129,0.871,0.291,0.343,99.703,188320.0,Is This Love Oog Bogo
6hn7ylaD20xyVVGdb9QBSt,30/20,The Royston Club,5N5jf98OOEf3uAIJpi1deD,2025-08-06,2025-08-09,0.532,0.878,6.0,-5.258,0.0577,0.00117,0.0,0.245,0.585,125.028,185133.0,30/20 The Royston Club
1yYdcfsf7BBfHUMpQiUB4x,the twins (1969),Courting,3oLTaC5QBOH96VbxMAafpZ,2025-08-07,2025-08-09,0.64,0.718,4.0,-5.048,0.0574,0.00107,2.23e-05,0.187,0.632,140.047,172504.0,the twins (1969) Courting
2Vg6MJJvwKbx3b4dpiPEKj,My Crud Princess,No Joy,5N7DAaXV1EVXS8h2wyYrx2,2025-07-24,2025-08-09,0.425,0.823,7.0,-7.257,0.0394,0.00086,0.252,0.187,0.559,146.036,194145.0,My Crud Princess No Joy
6nDz5vT24fvc86YUSbLqWB,You Being You,bloococoon,450CA9TyZyEGYJfbbecHvR,2025-07-11,2025-08-09,0.532,0.698,0.0,-6.636,0.0259,0.00058,0.00212,0.124,0.467,130.011,308533.0,You Being You bloococoon
3AOCPgMoQ51a7cjp8oNcWH,Peace Sign Pentagram,Smokey Brights,52El5lMDpmHgFxGuFHwD5T,2025-07-25,2025-08-09,0.642,0.938,9.0,-6.18,0.0517,0.000542,0.000412,0.103,0.377,115.993,243933.0,Peace Sign Pentagram Smokey Brights
6LKN8NCJfAABDXvsS2cKgl,Russian Coney Island,The Voidz,4nUBBtLtzqZGpdiynTJbYJ,2025-07-30,2025-08-09,0.566,0.812,4.0,-5.382,0.0334,0.000527,0.787,0.14,0.697,116.27,406042.0,Russian Coney Island The Voidz
32SpYnVsCyakkew6AxmCa6,I'll Know You're Not Around,Dying Wish,4igS2MSwOIf3F9YeL929IO,2025-07-30,2025-08-09,0.279,0.89,3.0,-3.536,0.107,0.000496,0.0,0.14,0.151,147.785,223547.0,I'll Know You're Not Around Dying Wish
1MQ27ys86klrv1eLDJUxgM,Ballumbrosio,"Sofia Kourtesis, Miguel Ballumbrosio","7wXTWO45lqpUejDkike0Gf, 6QGUUurLvNuxVklHl41diR",2025-08-01,2025-08-09,0.906,0.644,10.0,-8.755,0.0718,0.000487,0.135,0.0783,0.305,126.014,342892.0,"Ballumbrosio Sofia Kourtesis, Miguel Ballumbrosio"
6H7pcBSL1OHAn7X8IAfHEo,After All (feat. Rocket),"Dear Boy, Rocket","4FMlCZsSwNgGiNk6PHo796, 4yJ7ipXtMGpPfaHf6OqZ6i",2025-08-05,2025-08-09,0.387,0.681,9.0,-4.777,0.0453,0.000484,0.00446,0.776,0.413,116.993,239737.0,"After All (feat. Rocket) Dear Boy, Rocket"
6NoBTn0bTHFtCMkt8jgqq3,NEVER AGAIN,STONE,1br1PqvafIUOis4rBUvv1H,2025-08-08,2025-08-09,0.335,0.952,6.0,-3.611,0.0814,0.000385,0.0,0.307,0.392,94.282,160083.0,NEVER AGAIN STONE
34b6933wH4nOqZGMq3EOMX,All My Friends Are Models,Sophia Stel,18w9tq3c2x11niEFNYqeex,2025-08-06,2025-08-09,0.612,0.828,7.0,-8.356,0.0329,0.000358,0.0802,0.102,0.0663,117.936,253973.0,All My Friends Are Models Sophia Stel
3AxjULNCddkepJGc3tUQM1,I Knew We'd Talk About It One Day,Humour,5ErUNpyxSBAdjZaKlefsUr,2025-08-08,2025-08-09,0.564,0.884,5.0,-6.131,0.069,0.000341,1.05e-06,0.106,0.271,125.957,207220.0,I Knew We'd Talk About It One Day Humour
7u3HEtyys6PVt1zb2Ic1xe,Back To Zero,Bad Suns,0YhUSm86okLWldQVwJkLlP,2025-08-08,2025-08-09,0.64,0.858,9.0,-4.888,0.177,0.000304,0.00444,0.114,0.434,133.848,221867.0,Back To Zero Bad Suns
0u2CjLwwHJHZKhWWHPuQbv,Stealing Happiness From Tomorrow,DRAIN,7FAAkDlPg6pg0860CIDzmu,2025-07-15,2025-08-09,0.347,0.966,11.0,-3.16,0.137,0.000279,0.000201,0.0411,0.496,97.328,250733.0,Stealing Happiness From Tomorrow DRAIN
5LeNReuXSyAzXJd1bq3Vdg,All Damage,Sick Joy,2KmAhNcPz1C3oz0rS4iMlx,2025-08-08,2025-08-09,0.529,0.885,5.0,-4.196,0.0887,0.000272,6.4e-05,0.101,0.469,134.031,152730.0,All Damage Sick Joy
2gaY4NhYEGJvxKbur1GKJE,Pop Punk Anthem (Sorry for the Delay),Die Spitz,0zfZmpHTu0MlkkNr5KHeXE,2025-08-06,2025-08-09,0.135,0.985,11.0,-2.25,0.235,0.000228,0.0858,0.523,0.255,170.942,230679.0,Pop Punk Anthem (Sorry for the Delay) Die Spitz
4MsyIgmKcY6Vr5tuJiBD1H,Disarm,Slowhandclap,1oHRlVvzhRtgFOsjfLMTrD,2025-07-24,2025-08-09,0.552,0.792,8.0,-5.531,0.129,0.000139,0.216,0.114,0.508,140.069,244125.0,Disarm Slowhandclap
5kQWVteP4yTNL7xZWFE5CJ,My Queen (feat. Spiritbox),"BABYMETAL, Spiritbox","630wzNP2OL7fl4Xl0GnMWq, 4MzJMcHQBl9SIYSjwWn8QW",2025-08-08,2025-08-09,0.56,0.958,1.0,-3.112,0.224,0.000106,0.491,0.317,0.387,120.06,200699.0,"My Queen (feat. Spiritbox) BABYMETAL, Spiritbox"
17DObRgarppeleRuJJOV8q,Last Forever,Bob Moses,6LHsnRBUYhFyt01PdKXAF5,2025-08-07,2025-08-09,0.514,0.777,1.0,-6.04,0.0378,0.000103,0.0964,0.0992,0.325,117.982,309101.0,Last Forever Bob Moses
7k0JGsxzok5ktriz6DPxKq,Blood Magick (It's a Ritual),Creeper,0nV7SiEIVtPLTSJ6NwWDGj,2025-08-06,2025-08-09,0.566,0.851,9.0,-6.064,0.0367,0.000102,0.679,0.612,0.576,132.051,252837.0,Blood Magick (It's a Ritual) Creeper
0oPtxhUmQ2VzBqI1w258j8,Together,Blankenberge,0N9CUdcRxZfnPGAmbkuUrm,2025-07-25,2025-08-09,0.548,0.662,8.0,-7.42,0.0306,7.16e-05,0.866,0.322,0.649,122.061,251557.0,Together Blankenberge
4leCzr9opvMhKSe8ZSBcBa,Lozenge Frenzy,London Elektricity,4CbuwI3bEF7gQOwpxBKtal,2025-07-31,2025-08-09,0.645,0.961,7.0,-2.957,0.0623,6.58e-05,0.828,0.168,0.486,173.974,247565.0,Lozenge Frenzy London Elektricity
3ayG1sip80KMhjDrglzhtP,Drowning,Shyeye,2kk54T90g7cdFeMjjeABHJ,2025-07-25,2025-08-09,0.326,0.961,2.0,-4.29,0.0879,5.69e-05,0.000809,0.123,0.287,160.053,211050.0,Drowning Shyeye
0jsb9PIiOEaTS4rpB6D2uP,Silver Plate,BADSISTA,0KdLlx7p42yA7aftp3dgpb,2025-08-07,2025-08-09,0.804,0.948,2.0,-5.81,0.0395,5.66e-05,0.883,0.447,0.402,131.998,277420.0,Silver Plate BADSISTA
6CAUHFOLv9uwL5QdMaDQgz,High Resolution Sadness,Jehnny Beth,2WOMBqEsllg2ICn7D2L8ta,2025-08-08,2025-08-09,0.401,0.903,9.0,-4.864,0.0672,5.47e-05,0.0469,0.0939,0.516,174.826,169000.0,High Resolution Sadness Jehnny Beth
2SuFpMjkMYax3nvLVT65Wx,Woodeneye,Cardiacs,0lopEzYZq2mwBPDlpP4Bcw,2025-08-01,2025-08-09,0.423,0.949,11.0,-4.694,0.0471,4.92e-05,0.000424,0.497,0.63,100.743,199907.0,Woodeneye Cardiacs
5L32XNJ36FJRg6oQjB8Fwa,Mind,Golden Apples,0QrEq2kZoi5VcRaHXSzgsQ,2025-07-29,2025-08-09,0.625,0.799,7.0,-5.674,0.029,4.89e-05,0.563,0.209,0.738,124.639,195080.0,Mind Golden Apples
1pJgVRFQliiPFhdnBSMKwG,Thelma and Louise,GIRLBAND!,3QSwq9CQMjqe01RtbKqz0F,2025-08-05,2025-08-09,0.313,0.864,1.0,-5.441,0.0652,4.05e-05,0.000848,0.48,0.553,150.691,192638.0,Thelma and Louise GIRLBAND!
6iDYmVlL9vC5aVImnAGrgZ,Drawbacks,dust,1QcbaOVrpo91k6rHnzhMeA,2025-08-06,2025-08-09,0.235,0.982,0.0,-5.841,0.102,3.39e-05,0.846,0.388,0.0444,94.967,248115.0,Drawbacks dust
4gpNDYI6uPqwtNlRZUDpEE,Infinite Joy,Nuclear Daisies,4YeyVA4cQEijNzJIBMqYOo,2025-08-01,2025-08-09,0.491,0.727,11.0,-10.187,0.0302,3.39e-05,0.892,0.0737,0.486,108.002,203889.0,Infinite Joy Nuclear Daisies
1waw0jDHfNogAdUE5GRUsm,King Of Your World,Rex Tycoon,1cqpeKhhhXEdF2UeSDfsIk,2025-08-01,2025-08-09,0.385,0.943,8.0,-4.236,0.0571,3.31e-05,0.00219,0.0796,0.783,142.444,149859.0,King Of Your World Rex Tycoon
4fZ6JxkAk2JmvviTVFuDsz,Chameleon Kid,Sunflowers,6U9zwix0yp800xsHQdH89E,2025-08-05,2025-08-09,0.255,0.854,9.0,-6.693,0.0474,3.26e-05,0.323,0.134,0.325,104.659,134997.0,Chameleon Kid Sunflowers
57NzBTMEV8fY1woLsZ6Tkz,Guilt Trip,The Reytons,3RHoFGKe6KE3LLml7ujPKJ,2025-07-18,2025-08-09,0.556,0.923,0.0,-6.16,0.0352,1.28e-05,0.843,0.372,0.671,133.99,190041.0,Guilt Trip The Reytons
2nJITSHr4KmQRDsQHMJhYT,Golden Postcard,Cold Gawd,4nD7mZ37GMiFBSjvWZIlDb,2025-07-22,2025-08-09,0.36,0.913,5.0,-8.438,0.0729,9.52e-06,0.88,0.263,0.279,112.012,214353.0,Golden Postcard Cold Gawd
2gcxuSpWOOGR0z0JGsPB7B,milk of the madonna,Deftones,6Ghvu1VvMGScGpOUJBAHNH,2025-08-08,2025-08-09,0.436,0.957,6.0,-3.414,0.0775,7.34e-06,0.0876,0.159,0.127,118.067,248841.0,milk of the madonna Deftones
5kfFlfoF8PwWeb56R6IWYk,Grace Obscure,The Armed,4V5obzWMr7BHZrjOiQwB4K,2025-08-01,2025-08-09,0.33,0.947,5.0,-5.833,0.0964,3.11e-06,0.896,0.679,0.0889,102.575,194872.0,Grace Obscure The Armed
